timestamp;solar_radiation;outdoor_temperature;use_water
2017-07-20 00:00:00;0.0;17.93;0
2017-07-20 00:05:00;0.0;17.88;0
2017-07-20 00:10:00;0.0;17.85;0
2017-07-20 00:15:00;0.0;17.8;0
2017-07-20 00:20:00;0.0;17.7;0
2017-07-20 00:25:00;0.0;17.65;0
2017-07-20 00:30:00;0.0;17.62;0
2017-07-20 00:35:00;0.0;17.6;0
2017-07-20 00:40:00;0.0;17.5;0
2017-07-20 00:45:00;0.0;17.43;0
2017-07-20 00:50:00;0.0;17.4;0
2017-07-20 00:55:00;0.0;17.35;0
2017-07-20 01:00:00;0.0;17.33;0
2017-07-20 01:05:00;0.0;17.28;0
2017-07-20 01:10:00;0.0;17.18;0
2017-07-20 01:15:00;0.0;17.07;0
2017-07-20 01:20:00;0.0;17.0;0
2017-07-20 01:25:00;0.0;16.95;0
2017-07-20 01:30:00;0.0;16.88;0
2017-07-20 01:35:00;0.0;16.85;0
2017-07-20 01:40:00;0.0;16.8;0
2017-07-20 01:45:00;0.0;16.7;0
2017-07-20 01:50:00;0.0;16.65;0
2017-07-20 01:55:00;0.0;16.55;0
2017-07-20 02:00:00;0.0;16.5;0
2017-07-20 02:05:00;0.0;16.45;0
2017-07-20 02:10:00;0.0;16.35;0
2017-07-20 02:15:00;0.0;16.25;0
2017-07-20 02:20:00;0.0;16.2;0
2017-07-20 02:25:00;0.0;16.17;0
2017-07-20 02:30:00;0.0;16.12;0
2017-07-20 02:35:00;0.0;16.07;0
2017-07-20 02:40:00;0.0;16.0;0
2017-07-20 02:45:00;0.0;15.95;0
2017-07-20 02:50:00;0.0;15.9;0
2017-07-20 02:55:00;0.0;15.87;0
2017-07-20 03:00:00;0.0;15.85;0
2017-07-20 03:05:00;0.0;15.75;0
2017-07-20 03:10:00;0.0;15.7;0
2017-07-20 03:15:00;0.0;15.67;0
2017-07-20 03:20:00;0.0;15.65;0
2017-07-20 03:25:00;0.0;15.57;0
2017-07-20 03:30:00;0.0;15.5;0
2017-07-20 03:35:00;0.0;15.4;0
2017-07-20 03:40:00;0.0;15.32;0
2017-07-20 03:45:00;0.0;15.22;0
2017-07-20 03:50:00;0.0;15.15;0
2017-07-20 03:55:00;0.0;15.07;0
2017-07-20 04:00:00;0.0;15.05;0
2017-07-20 04:05:00;0.0;15.0;0
2017-07-20 04:10:00;0.0;14.97;0
2017-07-20 04:15:00;0.0;14.92;0
2017-07-20 04:20:00;0.0;14.9;0
2017-07-20 04:25:00;0.0;14.87;0
2017-07-20 04:30:00;0.0;14.8;0
2017-07-20 04:35:00;0.0;14.72;0
2017-07-20 04:40:00;0.0;14.62;0
2017-07-20 04:45:00;0.0;14.52;0
2017-07-20 04:50:00;0.0;14.47;0
2017-07-20 04:55:00;0.0;14.4;0
2017-07-20 05:00:00;0.0;14.32;0
2017-07-20 05:05:00;0.0;14.3;0
2017-07-20 05:10:00;0.0;14.22;0
2017-07-20 05:15:00;0.0;14.2;0
2017-07-20 05:20:00;0.0;14.15;0
2017-07-20 05:25:00;0.0;14.1;0
2017-07-20 05:30:00;0.0;14.02;0
2017-07-20 05:35:00;0.0;13.95;0
2017-07-20 05:40:00;0.0;13.9;0
2017-07-20 05:45:00;0.0;13.85;0
2017-07-20 05:50:00;0.0;13.8;0
2017-07-20 05:55:00;0.0;13.72;0
2017-07-20 06:00:00;0.02;13.67;0
2017-07-20 06:05:00;0.03;13.77;0
2017-07-20 06:10:00;0.06;14.07;0
2017-07-20 06:15:00;0.09;14.27;1
2017-07-20 06:20:00;0.12;14.27;1
2017-07-20 06:25:00;0.16;14.67;0
2017-07-20 06:30:00;0.19;14.67;0
2017-07-20 06:35:00;0.22;14.97;0
2017-07-20 06:40:00;0.26;14.97;0
2017-07-20 06:45:00;0.29;15.07;0
2017-07-20 06:50:00;0.32;15.27;0
2017-07-20 06:55:00;0.34;15.27;0
2017-07-20 07:00:00;0.37;15.47;0
2017-07-20 07:05:00;0.4;15.47;0
2017-07-20 07:10:00;0.42;15.67;0
2017-07-20 07:15:00;0.44;15.87;0
2017-07-20 07:20:00;0.46;15.87;0
2017-07-20 07:25:00;0.48;15.87;0
2017-07-20 07:30:00;0.5;16.17;0
2017-07-20 07:35:00;0.52;16.47;0
2017-07-20 07:40:00;0.54;16.77;0
2017-07-20 07:45:00;0.55;16.97;0
2017-07-20 07:50:00;0.57;17.17;0
2017-07-20 07:55:00;0.58;17.57;0
2017-07-20 08:00:00;0.59;17.97;0
2017-07-20 08:05:00;0.6;18.37;0
2017-07-20 08:10:00;0.6;18.57;0
2017-07-20 08:15:00;0.6;18.67;0
2017-07-20 08:20:00;0.6;18.87;0
2017-07-20 08:25:00;0.58;19.27;0
2017-07-20 08:30:00;0.57;19.67;0
2017-07-20 08:35:00;0.57;19.67;0
2017-07-20 08:40:00;0.6;19.67;0
2017-07-20 08:45:00;0.64;19.67;0
2017-07-20 08:50:00;0.67;19.67;0
2017-07-20 08:55:00;0.65;19.87;0
2017-07-20 09:00:00;0.66;20.27;0
2017-07-20 09:05:00;0.63;20.37;0
2017-07-20 09:10:00;0.6;20.77;0
2017-07-20 09:15:00;0.59;20.97;0
2017-07-20 09:20:00;0.66;21.0;0
2017-07-20 09:25:00;0.67;21.0;0
2017-07-20 09:30:00;0.69;21.0;0
2017-07-20 09:35:00;0.72;21.0;0
2017-07-20 09:40:00;0.72;21.0;0
2017-07-20 09:45:00;0.73;21.0;0
2017-07-20 09:50:00;0.75;21.0;0
2017-07-20 09:55:00;0.74;21.0;0
2017-07-20 10:00:00;0.7;21.0;0
2017-07-20 10:05:00;0.71;21.0;0
2017-07-20 10:10:00;0.7;21.0;0
2017-07-20 10:15:00;0.75;21.0;0
2017-07-20 10:20:00;0.74;21.0;0
2017-07-20 10:25:00;0.72;21.0;0
2017-07-20 10:30:00;0.72;21.0;0
2017-07-20 10:35:00;0.67;21.0;0
2017-07-20 10:40:00;0.73;21.0;0
2017-07-20 10:45:00;0.74;21.0;0
2017-07-20 10:50:00;0.73;21.0;0
2017-07-20 10:55:00;0.68;21.0;0
2017-07-20 11:00:00;0.74;21.0;0
2017-07-20 11:05:00;0.78;21.0;0
2017-07-20 11:10:00;0.8;21.0;0
2017-07-20 11:15:00;0.8;21.0;0
2017-07-20 11:20:00;0.8;21.0;0
2017-07-20 11:25:00;0.78;21.0;0
2017-07-20 11:30:00;0.81;21.0;0
2017-07-20 11:35:00;0.82;21.0;0
2017-07-20 11:40:00;0.83;21.0;0
2017-07-20 11:45:00;0.84;21.0;0
2017-07-20 11:50:00;0.84;21.0;0
2017-07-20 11:55:00;0.84;21.0;0
2017-07-20 12:00:00;0.84;20.8;0
2017-07-20 12:05:00;0.84;20.4;0
2017-07-20 12:10:00;0.85;20.7;0
2017-07-20 12:15:00;0.85;20.8;0
2017-07-20 12:20:00;0.85;21.0;0
2017-07-20 12:25:00;0.85;21.0;0
2017-07-20 12:30:00;0.85;20.5;0
2017-07-20 12:35:00;0.85;20.7;0
2017-07-20 12:40:00;0.85;20.6;0
2017-07-20 12:45:00;0.85;20.3;0
2017-07-20 12:50:00;0.85;20.0;0
2017-07-20 12:55:00;0.85;20.0;0
2017-07-20 13:00:00;0.85;20.3;0
2017-07-20 13:05:00;0.85;20.2;0
2017-07-20 13:10:00;0.85;20.3;0
2017-07-20 13:15:00;0.85;20.3;0
2017-07-20 13:20:00;0.85;20.5;0
2017-07-20 13:25:00;0.85;20.0;0
2017-07-20 13:30:00;0.85;20.1;0
2017-07-20 13:35:00;0.85;20.5;0
2017-07-20 13:40:00;0.85;20.2;0
2017-07-20 13:45:00;0.85;19.9;0
2017-07-20 13:50:00;0.85;19.7;0
2017-07-20 13:55:00;0.85;19.4;0
2017-07-20 14:00:00;0.85;19.0;0
2017-07-20 14:05:00;0.85;19.4;0
2017-07-20 14:10:00;0.85;19.0;0
2017-07-20 14:15:00;0.85;19.4;1
2017-07-20 14:20:00;0.85;19.7;1
2017-07-20 14:25:00;0.85;19.5;1
2017-07-20 14:30:00;0.85;19.4;0
2017-07-20 14:35:00;0.85;19.2;0
2017-07-20 14:40:00;0.85;19.1;0
2017-07-20 14:45:00;0.84;18.8;0
2017-07-20 14:50:00;0.85;18.5;0
2017-07-20 14:55:00;0.84;18.8;0
2017-07-20 15:00:00;0.84;18.6;0
2017-07-20 15:05:00;0.84;18.6;0
2017-07-20 15:10:00;0.84;18.9;0
2017-07-20 15:15:00;0.84;18.8;0
2017-07-20 15:20:00;0.84;18.5;0
2017-07-20 15:25:00;0.84;18.2;0
2017-07-20 15:30:00;0.83;18.0;0
2017-07-20 15:35:00;0.83;17.9;0
2017-07-20 15:40:00;0.83;18.2;0
2017-07-20 15:45:00;0.83;17.9;0
2017-07-20 15:50:00;0.83;18.2;0
2017-07-20 15:55:00;0.82;17.9;0
2017-07-20 16:00:00;0.81;18.2;0
2017-07-20 16:05:00;0.81;18.1;0
2017-07-20 16:10:00;0.81;17.9;0
2017-07-20 16:15:00;0.81;17.7;0
2017-07-20 16:20:00;0.81;17.5;0
2017-07-20 16:25:00;0.8;17.7;0
2017-07-20 16:30:00;0.8;17.6;0
2017-07-20 16:35:00;0.8;17.4;0
2017-07-20 16:40:00;0.8;17.5;0
2017-07-20 16:45:00;0.8;17.9;0
2017-07-20 16:50:00;0.79;18.2;0
2017-07-20 16:55:00;0.79;17.9;0
2017-07-20 17:00:00;0.78;17.7;0
2017-07-20 17:05:00;0.78;17.8;0
2017-07-20 17:10:00;0.77;17.5;0
2017-07-20 17:15:00;0.77;17.5;0
2017-07-20 17:20:00;0.77;17.1;0
2017-07-20 17:25:00;0.76;17.1;0
2017-07-20 17:30:00;0.76;16.9;0
2017-07-20 17:35:00;0.75;16.7;0
2017-07-20 17:40:00;0.74;16.3;0
2017-07-20 17:45:00;0.74;16.4;0
2017-07-20 17:50:00;0.73;15.9;0
2017-07-20 17:55:00;0.73;15.9;0
2017-07-20 18:00:00;0.72;15.7;0
2017-07-20 18:05:00;0.71;16.1;0
2017-07-20 18:10:00;0.7;16.2;1
2017-07-20 18:15:00;0.7;16.2;1
2017-07-20 18:20:00;0.69;16.5;1
2017-07-20 18:25:00;0.68;16.5;1
2017-07-20 18:30:00;0.67;16.1;0
2017-07-20 18:35:00;0.66;15.6;1
2017-07-20 18:40:00;0.65;15.2;0
2017-07-20 18:45:00;0.64;15.3;0
2017-07-20 18:50:00;0.63;14.8;0
2017-07-20 18:55:00;0.61;14.7;0
2017-07-20 19:00:00;0.6;14.2;0
2017-07-20 19:05:00;0.59;13.9;0
2017-07-20 19:10:00;0.57;14.0;0
2017-07-20 19:15:00;0.56;13.9;0
2017-07-20 19:20:00;0.55;13.5;0
2017-07-20 19:25:00;0.53;13.4;0
2017-07-20 19:30:00;0.0;12.9;0
2017-07-20 19:35:00;0.0;13.3;0
2017-07-20 19:40:00;0.0;13.2;0
2017-07-20 19:45:00;0.0;12.7;0
2017-07-20 19:50:00;0.0;12.9;0
2017-07-20 19:55:00;0.0;13.0;0
2017-07-20 20:00:00;0.0;13.1;0
2017-07-20 20:05:00;0.0;13.2;0
2017-07-20 20:10:00;0.0;13.2;0
2017-07-20 20:15:00;0.0;12.7;0
2017-07-20 20:20:00;0.0;12.5;0
2017-07-20 20:25:00;0.0;12.2;0
2017-07-20 20:30:00;0.0;12.2;0
2017-07-20 20:35:00;0.0;12.6;0
2017-07-20 20:40:00;0.0;12.8;0
2017-07-20 20:45:00;0.0;12.4;0
2017-07-20 20:50:00;0.0;12.1;0
2017-07-20 20:55:00;0.0;12.2;0
2017-07-20 21:00:00;0.0;12.13;0
2017-07-20 21:05:00;0.0;12.0;0
2017-07-20 21:10:00;0.0;11.93;0
2017-07-20 21:15:00;0.0;11.87;0
2017-07-20 21:20:00;0.0;11.6;0
2017-07-20 21:25:00;0.0;11.33;0
2017-07-20 21:30:00;0.0;11.2;0
2017-07-20 21:35:00;0.0;11.0;0
2017-07-20 21:40:00;0.0;10.93;0
2017-07-20 21:45:00;0.0;10.8;0
2017-07-20 21:50:00;0.0;10.73;0
2017-07-20 21:55:00;0.0;10.47;0
2017-07-20 22:00:00;0.0;10.27;0
2017-07-20 22:05:00;0.0;10.2;0
2017-07-20 22:10:00;0.0;9.93;0
2017-07-20 22:15:00;0.0;9.8;1
2017-07-20 22:20:00;0.0;9.47;1
2017-07-20 22:25:00;0.0;9.4;1
2017-07-20 22:30:00;0.0;9.2;0
2017-07-20 22:35:00;0.0;9.0;0
2017-07-20 22:40:00;0.0;8.73;0
2017-07-20 22:45:00;0.0;8.4;0
2017-07-20 22:50:00;0.0;8.2;0
2017-07-20 22:55:00;0.0;7.93;0
2017-07-20 23:00:00;0.0;7.87;0
2017-07-20 23:05:00;0.0;7.73;0
2017-07-20 23:10:00;0.0;7.67;0
2017-07-20 23:15:00;0.0;7.33;0
2017-07-20 23:20:00;0.0;7.07;0
2017-07-20 23:25:00;0.0;6.93;0
2017-07-20 23:30:00;0.0;6.8;0
2017-07-20 23:35:00;0.0;6.47;0
2017-07-20 23:40:00;0.0;6.4;0
2017-07-20 23:45:00;0.0;6.07;0
2017-07-20 23:50:00;0.0;6.0;0
2017-07-20 23:55:00;0.0;5.87;0
2017-07-21 00:00:00;0.0;5.53;0
2017-07-21 00:05:00;0.0;5.51;0
2017-07-21 00:10:00;0.0;5.5;0
2017-07-21 00:15:00;0.0;5.5;0
2017-07-21 00:20:00;0.0;5.5;0
2017-07-21 00:25:00;0.0;5.5;0
2017-07-21 00:30:00;0.0;5.5;0
2017-07-21 00:35:00;0.0;5.5;0
2017-07-21 00:40:00;0.0;5.5;0
2017-07-21 00:45:00;0.0;5.5;0
2017-07-21 00:50:00;0.0;5.5;0
2017-07-21 00:55:00;0.0;5.5;0
2017-07-21 01:00:00;0.0;5.5;0
2017-07-21 01:05:00;0.0;5.5;0
2017-07-21 01:10:00;0.0;5.5;0
2017-07-21 01:15:00;0.0;5.5;0
2017-07-21 01:20:00;0.0;5.5;0
2017-07-21 01:25:00;0.0;5.5;0
2017-07-21 01:30:00;0.0;5.5;0
2017-07-21 01:35:00;0.0;5.5;0
2017-07-21 01:40:00;0.0;5.5;0
2017-07-21 01:45:00;0.0;5.5;0
2017-07-21 01:50:00;0.0;5.5;0
2017-07-21 01:55:00;0.0;5.5;0
2017-07-21 02:00:00;0.0;5.5;0
2017-07-21 02:05:00;0.0;5.5;0
2017-07-21 02:10:00;0.0;5.5;0
2017-07-21 02:15:00;0.0;5.5;0
2017-07-21 02:20:00;0.0;5.5;0
2017-07-21 02:25:00;0.0;5.5;0
2017-07-21 02:30:00;0.0;5.5;0
2017-07-21 02:35:00;0.0;5.5;0
2017-07-21 02:40:00;0.0;5.5;0
2017-07-21 02:45:00;0.0;5.5;0
2017-07-21 02:50:00;0.0;5.5;0
2017-07-21 02:55:00;0.0;5.5;0
2017-07-21 03:00:00;0.0;5.5;0
2017-07-21 03:05:00;0.0;5.5;0
2017-07-21 03:10:00;0.0;5.5;0
2017-07-21 03:15:00;0.0;5.5;0
2017-07-21 03:20:00;0.0;5.5;0
2017-07-21 03:25:00;0.0;5.5;0
2017-07-21 03:30:00;0.0;5.5;0
2017-07-21 03:35:00;0.0;5.5;0
2017-07-21 03:40:00;0.0;5.5;0
2017-07-21 03:45:00;0.0;5.5;0
2017-07-21 03:50:00;0.0;5.5;0
2017-07-21 03:55:00;0.0;5.5;0
2017-07-21 04:00:00;0.0;5.5;0
2017-07-21 04:05:00;0.0;5.5;0
2017-07-21 04:10:00;0.0;5.5;0
2017-07-21 04:15:00;0.0;5.5;0
2017-07-21 04:20:00;0.0;5.5;0
2017-07-21 04:25:00;0.0;5.5;0
2017-07-21 04:30:00;0.0;5.5;0
2017-07-21 04:35:00;0.0;5.5;0
2017-07-21 04:40:00;0.0;5.5;0
2017-07-21 04:45:00;0.0;5.5;0
2017-07-21 04:50:00;0.0;5.5;0
2017-07-21 04:55:00;0.0;5.5;0
2017-07-21 05:00:00;0.0;5.5;0
2017-07-21 05:05:00;0.0;5.5;0
2017-07-21 05:10:00;0.0;5.5;0
2017-07-21 05:15:00;0.0;5.5;0
2017-07-21 05:20:00;0.0;5.5;0
2017-07-21 05:25:00;0.0;5.5;0
2017-07-21 05:30:00;0.0;5.5;0
2017-07-21 05:35:00;0.0;5.5;0
2017-07-21 05:40:00;0.0;5.5;0
2017-07-21 05:45:00;0.0;5.5;0
2017-07-21 05:50:00;0.0;5.5;0
2017-07-21 05:55:00;0.0;5.5;0
2017-07-21 06:00:00;0.01;5.5;0
2017-07-21 06:05:00;0.03;5.5;0
2017-07-21 06:10:00;0.05;5.7;0
2017-07-21 06:15:00;0.08;6.1;1
2017-07-21 06:20:00;0.11;6.1;1
2017-07-21 06:25:00;0.15;6.4;0
2017-07-21 06:30:00;0.18;6.6;0
2017-07-21 06:35:00;0.22;6.6;0
2017-07-21 06:40:00;0.25;6.6;0
2017-07-21 06:45:00;0.28;6.9;0
2017-07-21 06:50:00;0.31;7.1;0
2017-07-21 06:55:00;0.34;7.3;0
2017-07-21 07:00:00;0.37;7.3;0
2017-07-21 07:05:00;0.39;7.4;0
2017-07-21 07:10:00;0.42;7.4;0
2017-07-21 07:15:00;0.44;7.5;0
2017-07-21 07:20:00;0.46;7.7;0
2017-07-21 07:25:00;0.48;8.0;0
2017-07-21 07:30:00;0.5;8.4;0
2017-07-21 07:35:00;0.52;8.5;0
2017-07-21 07:40:00;0.54;8.5;0
2017-07-21 07:45:00;0.55;8.6;0
2017-07-21 07:50:00;0.57;9.0;0
2017-07-21 07:55:00;0.58;9.1;0
2017-07-21 08:00:00;0.59;9.5;0
2017-07-21 08:05:00;0.61;9.9;0
2017-07-21 08:10:00;0.62;10.0;0
2017-07-21 08:15:00;0.63;10.0;0
2017-07-21 08:20:00;0.64;10.2;0
2017-07-21 08:25:00;0.65;10.4;0
2017-07-21 08:30:00;0.66;10.7;0
2017-07-21 08:35:00;0.67;11.0;0
2017-07-21 08:40:00;0.68;11.4;0
2017-07-21 08:45:00;0.69;11.6;0
2017-07-21 08:50:00;0.7;12.0;0
2017-07-21 08:55:00;0.71;12.0;0
2017-07-21 09:00:00;0.71;12.0;0
2017-07-21 09:05:00;0.72;12.0;0
2017-07-21 09:10:00;0.73;12.0;0
2017-07-21 09:15:00;0.73;12.0;0
2017-07-21 09:20:00;0.74;12.0;0
2017-07-21 09:25:00;0.74;12.4;0
2017-07-21 09:30:00;0.74;12.7;0
2017-07-21 09:35:00;0.75;12.8;0
2017-07-21 09:40:00;0.76;12.8;0
2017-07-21 09:45:00;0.77;13.1;0
2017-07-21 09:50:00;0.77;13.4;0
2017-07-21 09:55:00;0.78;13.4;0
2017-07-21 10:00:00;0.78;13.4;0
2017-07-21 10:05:00;0.78;13.6;0
2017-07-21 10:10:00;0.79;14.0;0
2017-07-21 10:15:00;0.79;14.2;0
2017-07-21 10:20:00;0.8;14.4;0
2017-07-21 10:25:00;0.8;14.7;0
2017-07-21 10:30:00;0.8;15.1;0
2017-07-21 10:35:00;0.81;15.2;0
2017-07-21 10:40:00;0.81;15.4;0
2017-07-21 10:45:00;0.81;15.6;0
2017-07-21 10:50:00;0.81;16.0;0
2017-07-21 10:55:00;0.82;16.2;0
2017-07-21 11:00:00;0.82;16.6;0
2017-07-21 11:05:00;0.82;16.9;0
2017-07-21 11:10:00;0.82;17.0;0
2017-07-21 11:15:00;0.83;17.1;0
2017-07-21 11:20:00;0.83;17.1;0
2017-07-21 11:25:00;0.83;17.3;0
2017-07-21 11:30:00;0.83;17.7;0
2017-07-21 11:35:00;0.84;17.8;0
2017-07-21 11:40:00;0.84;17.8;0
2017-07-21 11:45:00;0.84;17.9;0
2017-07-21 11:50:00;0.84;18.0;0
2017-07-21 11:55:00;0.84;18.0;0
2017-07-21 12:00:00;0.84;18.3;0
2017-07-21 12:05:00;0.83;18.0;0
2017-07-21 12:10:00;0.83;17.6;0
2017-07-21 12:15:00;0.81;17.3;0
2017-07-21 12:20:00;0.8;17.5;0
2017-07-21 12:25:00;0.79;17.9;0
2017-07-21 12:30:00;0.77;17.4;0
2017-07-21 12:35:00;0.72;17.2;0
2017-07-21 12:40:00;0.7;16.7;0
2017-07-21 12:45:00;0.7;17.1;0
2017-07-21 12:50:00;0.72;17.1;0
2017-07-21 12:55:00;0.7;16.7;0
2017-07-21 13:00:00;0.76;16.4;0
2017-07-21 13:05:00;0.76;16.2;0
2017-07-21 13:10:00;0.75;15.7;0
2017-07-21 13:15:00;0.72;15.4;0
2017-07-21 13:20:00;0.73;15.3;0
2017-07-21 13:25:00;0.7;15.2;0
2017-07-21 13:30:00;0.77;15.1;0
2017-07-21 13:35:00;0.78;15.4;0
2017-07-21 13:40:00;0.8;15.4;0
2017-07-21 13:45:00;0.8;15.2;0
2017-07-21 13:50:00;0.82;15.6;0
2017-07-21 13:55:00;0.83;15.5;0
2017-07-21 14:00:00;0.81;15.1;0
2017-07-21 14:05:00;0.83;14.7;0
2017-07-21 14:10:00;0.82;15.0;1
2017-07-21 14:15:00;0.81;14.9;1
2017-07-21 14:20:00;0.79;15.2;1
2017-07-21 14:25:00;0.74;15.6;1
2017-07-21 14:30:00;0.69;15.6;0
2017-07-21 14:35:00;0.75;15.4;0
2017-07-21 14:40:00;0.72;15.3;0
2017-07-21 14:45:00;0.76;14.9;0
2017-07-21 14:50:00;0.77;14.6;0
2017-07-21 14:55:00;0.77;14.5;0
2017-07-21 15:00:00;0.79;14.2;0
2017-07-21 15:05:00;0.8;14.2;0
2017-07-21 15:10:00;0.76;14.6;0
2017-07-21 15:15:00;0.8;14.5;0
2017-07-21 15:20:00;0.81;14.7;0
2017-07-21 15:25:00;0.81;14.3;0
2017-07-21 15:30:00;0.82;14.6;0
2017-07-21 15:35:00;0.83;14.4;0
2017-07-21 15:40:00;0.82;14.8;0
2017-07-21 15:45:00;0.82;14.3;0
2017-07-21 15:50:00;0.82;14.1;0
2017-07-21 15:55:00;0.82;14.2;0
2017-07-21 16:00:00;0.82;14.1;0
2017-07-21 16:05:00;0.8;14.2;0
2017-07-21 16:10:00;0.81;13.8;0
2017-07-21 16:15:00;0.8;13.5;0
2017-07-21 16:20:00;0.79;13.1;0
2017-07-21 16:25:00;0.8;12.8;0
2017-07-21 16:30:00;0.78;12.9;0
2017-07-21 16:35:00;0.79;12.9;0
2017-07-21 16:40:00;0.79;12.5;0
2017-07-21 16:45:00;0.79;12.8;0
2017-07-21 16:50:00;0.79;12.3;0
2017-07-21 16:55:00;0.79;11.9;0
2017-07-21 17:00:00;0.78;11.9;0
2017-07-21 17:05:00;0.78;11.7;0
2017-07-21 17:10:00;0.77;12.1;0
2017-07-21 17:15:00;0.77;12.3;0
2017-07-21 17:20:00;0.76;12.0;0
2017-07-21 17:25:00;0.76;12.2;0
2017-07-21 17:30:00;0.75;12.3;0
2017-07-21 17:35:00;0.75;12.7;0
2017-07-21 17:40:00;0.74;12.3;0
2017-07-21 17:45:00;0.74;11.9;0
2017-07-21 17:50:00;0.73;12.2;0
2017-07-21 17:55:00;0.72;12.3;0
2017-07-21 18:00:00;0.72;12.2;0
2017-07-21 18:05:00;0.71;12.4;0
2017-07-21 18:10:00;0.7;12.6;1
2017-07-21 18:15:00;0.7;12.5;1
2017-07-21 18:20:00;0.69;12.0;1
2017-07-21 18:25:00;0.68;11.9;1
2017-07-21 18:30:00;0.67;11.6;0
2017-07-21 18:35:00;0.66;11.5;1
2017-07-21 18:40:00;0.65;11.0;0
2017-07-21 18:45:00;0.64;11.4;0
2017-07-21 18:50:00;0.63;11.4;0
2017-07-21 18:55:00;0.61;11.0;0
2017-07-21 19:00:00;0.6;11.2;0
2017-07-21 19:05:00;0.59;10.7;0
2017-07-21 19:10:00;0.58;10.6;0
2017-07-21 19:15:00;0.56;10.3;0
2017-07-21 19:20:00;0.54;10.7;0
2017-07-21 19:25:00;0.53;11.0;0
2017-07-21 19:30:00;0.0;10.7;0
2017-07-21 19:35:00;0.0;10.8;0
2017-07-21 19:40:00;0.0;10.3;0
2017-07-21 19:45:00;0.0;10.4;0
2017-07-21 19:50:00;0.0;10.7;0
2017-07-21 19:55:00;0.0;11.1;0
2017-07-21 20:00:00;0.0;11.2;0
2017-07-21 20:05:00;0.0;11.5;0
2017-07-21 20:10:00;0.0;11.6;0
2017-07-21 20:15:00;0.0;12.0;0
2017-07-21 20:20:00;0.0;12.2;0
2017-07-21 20:25:00;0.0;12.2;0
2017-07-21 20:30:00;0.0;11.9;0
2017-07-21 20:35:00;0.0;12.2;0
2017-07-21 20:40:00;0.0;12.6;0
2017-07-21 20:45:00;0.0;12.4;0
2017-07-21 20:50:00;0.0;12.4;0
2017-07-21 20:55:00;0.0;12.1;0
2017-07-21 21:00:00;0.0;11.9;0
2017-07-21 21:05:00;0.0;11.83;0
2017-07-21 21:10:00;0.0;11.7;0
2017-07-21 21:15:00;0.0;11.37;0
2017-07-21 21:20:00;0.0;11.1;0
2017-07-21 21:25:00;0.0;11.03;0
2017-07-21 21:30:00;0.0;10.7;0
2017-07-21 21:35:00;0.0;10.5;0
2017-07-21 21:40:00;0.0;10.23;0
2017-07-21 21:45:00;0.0;9.9;0
2017-07-21 21:50:00;0.0;9.83;0
2017-07-21 21:55:00;0.0;9.7;0
2017-07-21 22:00:00;0.0;9.37;0
2017-07-21 22:05:00;0.0;9.17;0
2017-07-21 22:10:00;0.0;8.9;1
2017-07-21 22:15:00;0.0;8.77;1
2017-07-21 22:20:00;0.0;8.5;1
2017-07-21 22:25:00;0.0;8.37;0
2017-07-21 22:30:00;0.0;8.1;1
2017-07-21 22:35:00;0.0;7.97;0
2017-07-21 22:40:00;0.0;7.77;0
2017-07-21 22:45:00;0.0;7.63;0
2017-07-21 22:50:00;0.0;7.57;0
2017-07-21 22:55:00;0.0;7.37;0
2017-07-21 23:00:00;0.0;7.17;0
2017-07-21 23:05:00;0.0;6.9;0
2017-07-21 23:10:00;0.0;6.77;0
2017-07-21 23:15:00;0.0;6.43;0
2017-07-21 23:20:00;0.0;6.23;0
2017-07-21 23:25:00;0.0;6.17;0
2017-07-21 23:30:00;0.0;5.9;0
2017-07-21 23:35:00;0.0;5.77;0
2017-07-21 23:40:00;0.0;5.57;0
2017-07-21 23:45:00;0.0;5.5;0
2017-07-21 23:50:00;0.0;5.5;0
2017-07-21 23:55:00;0.0;5.5;0
2017-07-22 00:00:00;0.0;5.5;0
2017-07-22 00:05:00;0.0;5.5;0
2017-07-22 00:10:00;0.0;5.5;0
2017-07-22 00:15:00;0.0;5.5;0
2017-07-22 00:20:00;0.0;5.5;0
2017-07-22 00:25:00;0.0;5.5;0
2017-07-22 00:30:00;0.0;5.5;0
2017-07-22 00:35:00;0.0;5.5;0
2017-07-22 00:40:00;0.0;5.5;0
2017-07-22 00:45:00;0.0;5.5;0
2017-07-22 00:50:00;0.0;5.5;0
2017-07-22 00:55:00;0.0;5.5;0
2017-07-22 01:00:00;0.0;5.5;0
2017-07-22 01:05:00;0.0;5.5;0
2017-07-22 01:10:00;0.0;5.5;0
2017-07-22 01:15:00;0.0;5.5;0
2017-07-22 01:20:00;0.0;5.5;0
2017-07-22 01:25:00;0.0;5.5;0
2017-07-22 01:30:00;0.0;5.5;0
2017-07-22 01:35:00;0.0;5.5;0
2017-07-22 01:40:00;0.0;5.5;0
2017-07-22 01:45:00;0.0;5.5;0
2017-07-22 01:50:00;0.0;5.5;0
2017-07-22 01:55:00;0.0;5.5;0
2017-07-22 02:00:00;0.0;5.5;0
2017-07-22 02:05:00;0.0;5.5;0
2017-07-22 02:10:00;0.0;5.5;0
2017-07-22 02:15:00;0.0;5.5;0
2017-07-22 02:20:00;0.0;5.5;0
2017-07-22 02:25:00;0.0;5.5;0
2017-07-22 02:30:00;0.0;5.5;0
2017-07-22 02:35:00;0.0;5.5;0
2017-07-22 02:40:00;0.0;5.5;0
2017-07-22 02:45:00;0.0;5.5;0
2017-07-22 02:50:00;0.0;5.5;0
2017-07-22 02:55:00;0.0;5.5;0
2017-07-22 03:00:00;0.0;5.5;0
2017-07-22 03:05:00;0.0;5.5;0
2017-07-22 03:10:00;0.0;5.5;0
2017-07-22 03:15:00;0.0;5.5;0
2017-07-22 03:20:00;0.0;5.5;0
2017-07-22 03:25:00;0.0;5.5;0
2017-07-22 03:30:00;0.0;5.5;0
2017-07-22 03:35:00;0.0;5.5;0
2017-07-22 03:40:00;0.0;5.5;0
2017-07-22 03:45:00;0.0;5.5;0
2017-07-22 03:50:00;0.0;5.5;0
2017-07-22 03:55:00;0.0;5.5;0
2017-07-22 04:00:00;0.0;5.5;0
2017-07-22 04:05:00;0.0;5.5;0
2017-07-22 04:10:00;0.0;5.5;0
2017-07-22 04:15:00;0.0;5.5;0
2017-07-22 04:20:00;0.0;5.5;0
2017-07-22 04:25:00;0.0;5.5;0
2017-07-22 04:30:00;0.0;5.5;0
2017-07-22 04:35:00;0.0;5.5;0
2017-07-22 04:40:00;0.0;5.5;0
2017-07-22 04:45:00;0.0;5.5;0
2017-07-22 04:50:00;0.0;5.5;0
2017-07-22 04:55:00;0.0;5.5;0
2017-07-22 05:00:00;0.0;5.5;0
2017-07-22 05:05:00;0.0;5.5;0
2017-07-22 05:10:00;0.0;5.5;0
2017-07-22 05:15:00;0.0;5.5;0
2017-07-22 05:20:00;0.0;5.5;0
2017-07-22 05:25:00;0.0;5.5;0
2017-07-22 05:30:00;0.0;5.5;0
2017-07-22 05:35:00;0.0;5.5;0
2017-07-22 05:40:00;0.0;5.5;0
2017-07-22 05:45:00;0.0;5.5;0
2017-07-22 05:50:00;0.0;5.5;0
2017-07-22 05:55:00;0.0;5.5;0
2017-07-22 06:00:00;0.01;5.5;0
2017-07-22 06:05:00;0.02;5.9;0
2017-07-22 06:10:00;0.05;6.2;0
2017-07-22 06:15:00;0.07;6.5;1
2017-07-22 06:20:00;0.1;6.8;1
2017-07-22 06:25:00;0.14;6.8;1
2017-07-22 06:30:00;0.17;6.8;1
2017-07-22 06:35:00;0.21;7.2;0
2017-07-22 06:40:00;0.24;7.2;0
2017-07-22 06:45:00;0.27;7.4;0
2017-07-22 06:50:00;0.3;7.5;0
2017-07-22 06:55:00;0.33;7.6;0
2017-07-22 07:00:00;0.36;7.6;0
2017-07-22 07:05:00;0.39;7.7;0
2017-07-22 07:10:00;0.41;7.8;0
2017-07-22 07:15:00;0.43;8.0;0
2017-07-22 07:20:00;0.46;8.2;0
2017-07-22 07:25:00;0.47;8.3;0
2017-07-22 07:30:00;0.5;8.3;0
2017-07-22 07:35:00;0.51;8.5;0
2017-07-22 07:40:00;0.53;8.7;0
2017-07-22 07:45:00;0.55;9.1;0
2017-07-22 07:50:00;0.56;9.3;0
2017-07-22 07:55:00;0.58;9.6;0
2017-07-22 08:00:00;0.59;9.9;0
2017-07-22 08:05:00;0.61;10.2;0
2017-07-22 08:10:00;0.62;10.6;0
2017-07-22 08:15:00;0.63;10.9;0
2017-07-22 08:20:00;0.64;11.0;0
2017-07-22 08:25:00;0.65;11.0;0
2017-07-22 08:30:00;0.66;11.1;0
2017-07-22 08:35:00;0.67;11.5;0
2017-07-22 08:40:00;0.68;11.6;0
2017-07-22 08:45:00;0.69;11.8;0
2017-07-22 08:50:00;0.7;12.1;0
2017-07-22 08:55:00;0.7;12.4;0
2017-07-22 09:00:00;0.71;12.7;0
2017-07-22 09:05:00;0.72;12.9;0
2017-07-22 09:10:00;0.73;12.9;0
2017-07-22 09:15:00;0.73;13.3;0
2017-07-22 09:20:00;0.74;13.4;0
2017-07-22 09:25:00;0.75;13.7;0
2017-07-22 09:30:00;0.75;13.9;0
2017-07-22 09:35:00;0.76;14.0;0
2017-07-22 09:40:00;0.76;14.2;0
2017-07-22 09:45:00;0.77;14.2;0
2017-07-22 09:50:00;0.77;14.2;0
2017-07-22 09:55:00;0.78;14.3;0
2017-07-22 10:00:00;0.78;14.6;0
2017-07-22 10:05:00;0.78;14.9;0
2017-07-22 10:10:00;0.79;15.3;0
2017-07-22 10:15:00;0.79;15.7;0
2017-07-22 10:20:00;0.8;16.0;0
2017-07-22 10:25:00;0.8;16.3;0
2017-07-22 10:30:00;0.8;16.3;0
2017-07-22 10:35:00;0.81;16.5;0
2017-07-22 10:40:00;0.81;16.6;0
2017-07-22 10:45:00;0.81;16.9;0
2017-07-22 10:50:00;0.81;17.2;0
2017-07-22 10:55:00;0.82;17.4;0
2017-07-22 11:00:00;0.82;17.7;0
2017-07-22 11:05:00;0.82;17.7;0
2017-07-22 11:10:00;0.82;18.1;0
2017-07-22 11:15:00;0.83;18.2;0
2017-07-22 11:20:00;0.83;18.2;0
2017-07-22 11:25:00;0.83;18.4;0
2017-07-22 11:30:00;0.83;18.8;0
2017-07-22 11:35:00;0.83;19.2;0
2017-07-22 11:40:00;0.83;19.6;0
2017-07-22 11:45:00;0.83;20.0;0
2017-07-22 11:50:00;0.83;20.0;0
2017-07-22 11:55:00;0.83;20.0;0
2017-07-22 12:00:00;0.84;20.1;0
2017-07-22 12:05:00;0.84;20.3;0
2017-07-22 12:10:00;0.84;19.8;0
2017-07-22 12:15:00;0.84;19.9;0
2017-07-22 12:20:00;0.85;20.2;0
2017-07-22 12:25:00;0.85;20.0;0
2017-07-22 12:30:00;0.85;20.0;0
2017-07-22 12:35:00;0.85;20.4;0
2017-07-22 12:40:00;0.85;20.3;0
2017-07-22 12:45:00;0.85;20.4;0
2017-07-22 12:50:00;0.85;19.9;0
2017-07-22 12:55:00;0.85;19.8;0
2017-07-22 13:00:00;0.85;19.3;0
2017-07-22 13:05:00;0.85;19.5;0
2017-07-22 13:10:00;0.85;19.9;0
2017-07-22 13:15:00;0.85;19.8;0
2017-07-22 13:20:00;0.85;19.9;0
2017-07-22 13:25:00;0.85;20.2;0
2017-07-22 13:30:00;0.85;20.3;0
2017-07-22 13:35:00;0.85;19.9;0
2017-07-22 13:40:00;0.85;19.5;0
2017-07-22 13:45:00;0.85;19.9;0
2017-07-22 13:50:00;0.85;19.6;0
2017-07-22 13:55:00;0.85;19.6;0
2017-07-22 14:00:00;0.85;19.2;0
2017-07-22 14:05:00;0.85;18.7;0
2017-07-22 14:10:00;0.85;18.2;1
2017-07-22 14:15:00;0.85;17.7;1
2017-07-22 14:20:00;0.85;17.2;1
2017-07-22 14:25:00;0.85;17.6;1
2017-07-22 14:30:00;0.85;17.1;1
2017-07-22 14:35:00;0.85;17.1;0
2017-07-22 14:40:00;0.85;17.1;0
2017-07-22 14:45:00;0.85;17.1;0
2017-07-22 14:50:00;0.85;17.1;0
2017-07-22 14:55:00;0.84;17.5;0
2017-07-22 15:00:00;0.84;17.4;0
2017-07-22 15:05:00;0.84;17.0;0
2017-07-22 15:10:00;0.84;17.4;0
2017-07-22 15:15:00;0.84;17.2;0
2017-07-22 15:20:00;0.83;17.1;0
2017-07-22 15:25:00;0.83;17.1;0
2017-07-22 15:30:00;0.83;16.9;0
2017-07-22 15:35:00;0.82;16.7;0
2017-07-22 15:40:00;0.82;17.0;0
2017-07-22 15:45:00;0.82;17.0;0
2017-07-22 15:50:00;0.82;17.0;0
2017-07-22 15:55:00;0.82;17.1;0
2017-07-22 16:00:00;0.82;17.1;0
2017-07-22 16:05:00;0.82;17.4;0
2017-07-22 16:10:00;0.82;17.4;0
2017-07-22 16:15:00;0.81;17.7;0
2017-07-22 16:20:00;0.81;17.6;0
2017-07-22 16:25:00;0.81;18.0;0
2017-07-22 16:30:00;0.8;18.2;0
2017-07-22 16:35:00;0.8;17.7;0
2017-07-22 16:40:00;0.8;17.2;0
2017-07-22 16:45:00;0.79;16.7;0
2017-07-22 16:50:00;0.79;16.7;0
2017-07-22 16:55:00;0.79;16.5;0
2017-07-22 17:00:00;0.78;16.9;0
2017-07-22 17:05:00;0.78;16.9;0
2017-07-22 17:10:00;0.77;16.9;0
2017-07-22 17:15:00;0.77;16.9;0
2017-07-22 17:20:00;0.76;17.2;0
2017-07-22 17:25:00;0.76;17.2;0
2017-07-22 17:30:00;0.75;17.0;0
2017-07-22 17:35:00;0.75;16.7;0
2017-07-22 17:40:00;0.74;16.3;0
2017-07-22 17:45:00;0.74;16.3;0
2017-07-22 17:50:00;0.73;16.2;0
2017-07-22 17:55:00;0.72;16.4;0
2017-07-22 18:00:00;0.72;15.9;0
2017-07-22 18:05:00;0.71;16.2;0
2017-07-22 18:10:00;0.7;16.5;1
2017-07-22 18:15:00;0.69;16.1;1
2017-07-22 18:20:00;0.68;15.8;1
2017-07-22 18:25:00;0.67;15.5;1
2017-07-22 18:30:00;0.67;15.7;1
2017-07-22 18:35:00;0.66;15.8;0
2017-07-22 18:40:00;0.65;15.5;0
2017-07-22 18:45:00;0.64;15.8;0
2017-07-22 18:50:00;0.63;15.7;0
2017-07-22 18:55:00;0.61;15.4;0
2017-07-22 19:00:00;0.6;14.9;0
2017-07-22 19:05:00;0.59;14.8;0
2017-07-22 19:10:00;0.57;14.8;0
2017-07-22 19:15:00;0.56;15.1;0
2017-07-22 19:20:00;0.54;14.8;0
2017-07-22 19:25:00;0.53;15.1;0
2017-07-22 19:30:00;0.0;14.8;0
2017-07-22 19:35:00;0.0;14.3;0
2017-07-22 19:40:00;0.0;14.7;0
2017-07-22 19:45:00;0.0;14.5;0
2017-07-22 19:50:00;0.0;14.5;0
2017-07-22 19:55:00;0.0;14.8;0
2017-07-22 20:00:00;0.0;14.4;0
2017-07-22 20:05:00;0.0;14.6;0
2017-07-22 20:10:00;0.0;14.6;0
2017-07-22 20:15:00;0.0;14.8;0
2017-07-22 20:20:00;0.0;14.9;0
2017-07-22 20:25:00;0.0;14.7;0
2017-07-22 20:30:00;0.0;14.9;0
2017-07-22 20:35:00;0.0;15.1;0
2017-07-22 20:40:00;0.0;15.2;0
2017-07-22 20:45:00;0.0;14.7;0
2017-07-22 20:50:00;0.0;14.7;0
2017-07-22 20:55:00;0.0;14.7;0
2017-07-22 21:00:00;0.0;14.37;0
2017-07-22 21:05:00;0.0;14.1;0
2017-07-22 21:10:00;0.0;13.83;0
2017-07-22 21:15:00;0.0;13.57;0
2017-07-22 21:20:00;0.0;13.43;0
2017-07-22 21:25:00;0.0;13.1;0
2017-07-22 21:30:00;0.0;13.03;0
2017-07-22 21:35:00;0.0;12.7;0
2017-07-22 21:40:00;0.0;12.63;0
2017-07-22 21:45:00;0.0;12.37;0
2017-07-22 21:50:00;0.0;12.03;0
2017-07-22 21:55:00;0.0;11.97;0
2017-07-22 22:00:00;0.0;11.83;0
2017-07-22 22:05:00;0.0;11.5;0
2017-07-22 22:10:00;0.0;11.3;0
2017-07-22 22:15:00;0.0;11.03;1
2017-07-22 22:20:00;0.0;10.77;1
2017-07-22 22:25:00;0.0;10.63;1
2017-07-22 22:30:00;0.0;10.5;0
2017-07-22 22:35:00;0.0;10.43;1
2017-07-22 22:40:00;0.0;10.23;0
2017-07-22 22:45:00;0.0;10.1;0
2017-07-22 22:50:00;0.0;9.77;0
2017-07-22 22:55:00;0.0;9.5;0
2017-07-22 23:00:00;0.0;9.43;0
2017-07-22 23:05:00;0.0;9.3;0
2017-07-22 23:10:00;0.0;9.03;0
2017-07-22 23:15:00;0.0;8.97;0
2017-07-22 23:20:00;0.0;8.77;0
2017-07-22 23:25:00;0.0;8.57;0
2017-07-22 23:30:00;0.0;8.5;0
2017-07-22 23:35:00;0.0;8.37;0
2017-07-22 23:40:00;0.0;8.23;0
2017-07-22 23:45:00;0.0;8.17;0
2017-07-22 23:50:00;0.0;7.9;0
2017-07-22 23:55:00;0.0;7.77;0
2017-07-23 00:00:00;0.0;7.57;0
2017-07-23 00:05:00;0.0;7.54;0
2017-07-23 00:10:00;0.0;7.49;0
2017-07-23 00:15:00;0.0;7.42;0
2017-07-23 00:20:00;0.0;7.39;0
2017-07-23 00:25:00;0.0;7.34;0
2017-07-23 00:30:00;0.0;7.24;0
2017-07-23 00:35:00;0.0;7.22;0
2017-07-23 00:40:00;0.0;7.14;0
2017-07-23 00:45:00;0.0;7.09;0
2017-07-23 00:50:00;0.0;7.07;0
2017-07-23 00:55:00;0.0;6.97;0
2017-07-23 01:00:00;0.0;6.94;0
2017-07-23 01:05:00;0.0;6.89;0
2017-07-23 01:10:00;0.0;6.84;0
2017-07-23 01:15:00;0.0;6.79;0
2017-07-23 01:20:00;0.0;6.77;0
2017-07-23 01:25:00;0.0;6.69;0
2017-07-23 01:30:00;0.0;6.67;0
2017-07-23 01:35:00;0.0;6.57;0
2017-07-23 01:40:00;0.0;6.52;0
2017-07-23 01:45:00;0.0;6.47;0
2017-07-23 01:50:00;0.0;6.39;0
2017-07-23 01:55:00;0.0;6.34;0
2017-07-23 02:00:00;0.0;6.29;0
2017-07-23 02:05:00;0.0;6.19;0
2017-07-23 02:10:00;0.0;6.09;0
2017-07-23 02:15:00;0.0;5.99;0
2017-07-23 02:20:00;0.0;5.97;0
2017-07-23 02:25:00;0.0;5.87;0
2017-07-23 02:30:00;0.0;5.79;0
2017-07-23 02:35:00;0.0;5.69;0
2017-07-23 02:40:00;0.0;5.64;0
2017-07-23 02:45:00;0.0;5.59;0
2017-07-23 02:50:00;0.0;5.5;0
2017-07-23 02:55:00;0.0;5.5;0
2017-07-23 03:00:00;0.0;5.5;0
2017-07-23 03:05:00;0.0;5.5;0
2017-07-23 03:10:00;0.0;5.5;0
2017-07-23 03:15:00;0.0;5.5;0
2017-07-23 03:20:00;0.0;5.5;0
2017-07-23 03:25:00;0.0;5.5;0
2017-07-23 03:30:00;0.0;5.5;0
2017-07-23 03:35:00;0.0;5.5;0
2017-07-23 03:40:00;0.0;5.5;0
2017-07-23 03:45:00;0.0;5.5;0
2017-07-23 03:50:00;0.0;5.5;0
2017-07-23 03:55:00;0.0;5.5;0
2017-07-23 04:00:00;0.0;5.5;0
2017-07-23 04:05:00;0.0;5.5;0
2017-07-23 04:10:00;0.0;5.5;0
2017-07-23 04:15:00;0.0;5.5;0
2017-07-23 04:20:00;0.0;5.5;0
2017-07-23 04:25:00;0.0;5.5;0
2017-07-23 04:30:00;0.0;5.5;0
2017-07-23 04:35:00;0.0;5.5;0
2017-07-23 04:40:00;0.0;5.5;0
2017-07-23 04:45:00;0.0;5.5;0
2017-07-23 04:50:00;0.0;5.5;0
2017-07-23 04:55:00;0.0;5.5;0
2017-07-23 05:00:00;0.0;5.5;0
2017-07-23 05:05:00;0.0;5.5;0
2017-07-23 05:10:00;0.0;5.5;0
2017-07-23 05:15:00;0.0;5.5;0
2017-07-23 05:20:00;0.0;5.5;0
2017-07-23 05:25:00;0.0;5.5;0
2017-07-23 05:30:00;0.0;5.5;0
2017-07-23 05:35:00;0.0;5.5;0
2017-07-23 05:40:00;0.0;5.5;0
2017-07-23 05:45:00;0.0;5.5;0
2017-07-23 05:50:00;0.0;5.5;0
2017-07-23 05:55:00;0.0;5.5;0
2017-07-23 06:00:00;0.01;5.5;0
2017-07-23 06:05:00;0.02;5.5;0
2017-07-23 06:10:00;0.04;5.5;0
2017-07-23 06:15:00;0.07;5.7;1
2017-07-23 06:20:00;0.1;6.1;1
2017-07-23 06:25:00;0.13;6.5;1
2017-07-23 06:30:00;0.17;6.8;0
2017-07-23 06:35:00;0.2;7.0;1
2017-07-23 06:40:00;0.24;7.0;0
2017-07-23 06:45:00;0.27;7.1;0
2017-07-23 06:50:00;0.3;7.1;0
2017-07-23 06:55:00;0.33;7.4;0
2017-07-23 07:00:00;0.36;7.5;0
2017-07-23 07:05:00;0.38;7.6;0
2017-07-23 07:10:00;0.41;7.9;0
2017-07-23 07:15:00;0.43;8.3;0
2017-07-23 07:20:00;0.45;8.4;0
2017-07-23 07:25:00;0.47;8.8;0
2017-07-23 07:30:00;0.49;9.1;0
2017-07-23 07:35:00;0.51;9.2;0
2017-07-23 07:40:00;0.53;9.6;0
2017-07-23 07:45:00;0.55;9.9;0
2017-07-23 07:50:00;0.56;10.1;0
2017-07-23 07:55:00;0.58;10.4;0
2017-07-23 08:00:00;0.59;10.4;0
2017-07-23 08:05:00;0.6;10.4;0
2017-07-23 08:10:00;0.62;10.4;0
2017-07-23 08:15:00;0.63;10.4;0
2017-07-23 08:20:00;0.64;10.8;0
2017-07-23 08:25:00;0.65;10.9;0
2017-07-23 08:30:00;0.66;11.0;0
2017-07-23 08:35:00;0.67;11.0;0
2017-07-23 08:40:00;0.68;11.1;0
2017-07-23 08:45:00;0.69;11.2;0
2017-07-23 08:50:00;0.7;11.3;0
2017-07-23 08:55:00;0.7;11.3;0
2017-07-23 09:00:00;0.71;11.3;0
2017-07-23 09:05:00;0.72;11.5;0
2017-07-23 09:10:00;0.73;11.5;0
2017-07-23 09:15:00;0.73;11.6;0
2017-07-23 09:20:00;0.74;11.8;0
2017-07-23 09:25:00;0.74;12.2;0
2017-07-23 09:30:00;0.75;12.3;0
2017-07-23 09:35:00;0.76;12.4;0
2017-07-23 09:40:00;0.76;12.7;0
2017-07-23 09:45:00;0.77;12.9;0
2017-07-23 09:50:00;0.77;13.1;0
2017-07-23 09:55:00;0.77;13.1;0
2017-07-23 10:00:00;0.78;13.3;0
2017-07-23 10:05:00;0.77;13.7;0
2017-07-23 10:10:00;0.77;13.9;0
2017-07-23 10:15:00;0.78;13.9;0
2017-07-23 10:20:00;0.78;14.3;0
2017-07-23 10:25:00;0.78;14.5;0
2017-07-23 10:30:00;0.79;14.8;0
2017-07-23 10:35:00;0.77;14.9;0
2017-07-23 10:40:00;0.77;14.9;0
2017-07-23 10:45:00;0.76;15.2;0
2017-07-23 10:50:00;0.72;15.4;0
2017-07-23 10:55:00;0.7;15.7;0
2017-07-23 11:00:00;0.72;15.9;0
2017-07-23 11:05:00;0.68;15.9;0
2017-07-23 11:10:00;0.72;16.1;0
2017-07-23 11:15:00;0.76;16.4;0
2017-07-23 11:20:00;0.74;16.7;0
2017-07-23 11:25:00;0.76;17.1;0
2017-07-23 11:30:00;0.76;17.5;0
2017-07-23 11:35:00;0.76;17.7;0
2017-07-23 11:40:00;0.72;17.7;0
2017-07-23 11:45:00;0.75;17.7;0
2017-07-23 11:50:00;0.71;17.7;0
2017-07-23 11:55:00;0.76;18.0;0
2017-07-23 12:00:00;0.79;17.5;0
2017-07-23 12:05:00;0.82;17.4;0
2017-07-23 12:10:00;0.8;17.2;0
2017-07-23 12:15:00;0.77;16.8;0
2017-07-23 12:20:00;0.77;16.4;0
2017-07-23 12:25:00;0.79;16.7;0
2017-07-23 12:30:00;0.78;16.8;0
2017-07-23 12:35:00;0.75;16.8;0
2017-07-23 12:40:00;0.7;16.9;0
2017-07-23 12:45:00;0.73;17.2;0
2017-07-23 12:50:00;0.72;16.9;0
2017-07-23 12:55:00;0.66;16.9;0
2017-07-23 13:00:00;0.58;17.1;0
2017-07-23 13:05:00;0.58;17.3;0
2017-07-23 13:10:00;0.59;16.9;0
2017-07-23 13:15:00;0.61;17.1;0
2017-07-23 13:20:00;0.69;17.1;0
2017-07-23 13:25:00;0.76;17.0;0
2017-07-23 13:30:00;0.73;16.8;0
2017-07-23 13:35:00;0.71;16.3;0
2017-07-23 13:40:00;0.7;16.6;0
2017-07-23 13:45:00;0.61;16.6;0
2017-07-23 13:50:00;0.7;16.4;0
2017-07-23 13:55:00;0.64;16.7;0
2017-07-23 14:00:00;0.54;16.6;0
2017-07-23 14:05:00;0.47;16.7;0
2017-07-23 14:10:00;0.53;16.6;1
2017-07-23 14:15:00;0.39;16.8;1
2017-07-23 14:20:00;0.3;17.2;1
2017-07-23 14:25:00;0.21;16.8;0
2017-07-23 14:30:00;0.21;17.0;0
2017-07-23 14:35:00;0.4;16.8;0
2017-07-23 14:40:00;0.29;16.8;0
2017-07-23 14:45:00;0.33;16.4;0
2017-07-23 14:50:00;0.25;16.2;0
2017-07-23 14:55:00;0.21;16.4;0
2017-07-23 15:00:00;0.25;16.0;0
2017-07-23 15:05:00;0.29;16.3;0
2017-07-23 15:10:00;0.23;16.5;0
2017-07-23 15:15:00;0.31;16.2;0
2017-07-23 15:20:00;0.46;16.2;0
2017-07-23 15:25:00;0.31;15.8;0
2017-07-23 15:30:00;0.21;15.8;0
2017-07-23 15:35:00;0.25;15.9;0
2017-07-23 15:40:00;0.21;16.0;0
2017-07-23 15:45:00;0.34;15.8;0
2017-07-23 15:50:00;0.42;15.9;0
2017-07-23 15:55:00;0.36;15.6;0
2017-07-23 16:00:00;0.39;15.6;0
2017-07-23 16:05:00;0.32;15.1;0
2017-07-23 16:10:00;0.39;14.7;0
2017-07-23 16:15:00;0.3;14.4;0
2017-07-23 16:20:00;0.32;13.9;0
2017-07-23 16:25:00;0.28;13.8;0
2017-07-23 16:30:00;0.2;14.2;0
2017-07-23 16:35:00;0.22;14.6;0
2017-07-23 16:40:00;0.2;14.1;0
2017-07-23 16:45:00;0.2;14.3;0
2017-07-23 16:50:00;0.2;13.8;0
2017-07-23 16:55:00;0.36;13.6;0
2017-07-23 17:00:00;0.23;13.2;0
2017-07-23 17:05:00;0.19;13.4;0
2017-07-23 17:10:00;0.19;13.8;0
2017-07-23 17:15:00;0.27;13.7;0
2017-07-23 17:20:00;0.19;13.4;0
2017-07-23 17:25:00;0.35;13.3;0
2017-07-23 17:30:00;0.48;13.4;0
2017-07-23 17:35:00;0.55;13.1;0
2017-07-23 17:40:00;0.57;12.8;0
2017-07-23 17:45:00;0.58;13.2;0
2017-07-23 17:50:00;0.59;12.7;0
2017-07-23 17:55:00;0.59;12.6;0
2017-07-23 18:00:00;0.56;12.8;0
2017-07-23 18:05:00;0.59;13.1;1
2017-07-23 18:10:00;0.54;13.2;0
2017-07-23 18:15:00;0.53;13.3;1
2017-07-23 18:20:00;0.56;13.3;1
2017-07-23 18:25:00;0.6;13.3;1
2017-07-23 18:30:00;0.6;13.2;0
2017-07-23 18:35:00;0.59;12.9;1
2017-07-23 18:40:00;0.57;12.6;0
2017-07-23 18:45:00;0.56;12.8;0
2017-07-23 18:50:00;0.58;12.5;0
2017-07-23 18:55:00;0.55;12.4;0
2017-07-23 19:00:00;0.56;12.7;0
2017-07-23 19:05:00;0.56;13.0;0
2017-07-23 19:10:00;0.56;13.2;0
2017-07-23 19:15:00;0.54;12.7;0
2017-07-23 19:20:00;0.52;12.2;0
2017-07-23 19:25:00;0.0;12.4;0
2017-07-23 19:30:00;0.0;12.2;0
2017-07-23 19:35:00;0.0;12.5;0
2017-07-23 19:40:00;0.0;12.2;0
2017-07-23 19:45:00;0.0;12.4;0
2017-07-23 19:50:00;0.0;12.5;0
2017-07-23 19:55:00;0.0;12.3;0
2017-07-23 20:00:00;0.0;12.6;0
2017-07-23 20:05:00;0.0;12.9;0
2017-07-23 20:10:00;0.0;13.2;0
2017-07-23 20:15:00;0.0;13.6;0
2017-07-23 20:20:00;0.0;13.8;0
2017-07-23 20:25:00;0.0;13.3;0
2017-07-23 20:30:00;0.0;13.4;0
2017-07-23 20:35:00;0.0;13.1;0
2017-07-23 20:40:00;0.0;12.7;0
2017-07-23 20:45:00;0.0;12.5;0
2017-07-23 20:50:00;0.0;12.6;0
2017-07-23 20:55:00;0.0;12.2;0
2017-07-23 21:00:00;0.0;11.87;0
2017-07-23 21:05:00;0.0;11.53;0
2017-07-23 21:10:00;0.0;11.27;0
2017-07-23 21:15:00;0.0;11.2;0
2017-07-23 21:20:00;0.0;11.0;0
2017-07-23 21:25:00;0.0;10.67;0
2017-07-23 21:30:00;0.0;10.4;0
2017-07-23 21:35:00;0.0;10.33;0
2017-07-23 21:40:00;0.0;10.27;0
2017-07-23 21:45:00;0.0;10.2;0
2017-07-23 21:50:00;0.0;9.93;0
2017-07-23 21:55:00;0.0;9.6;0
2017-07-23 22:00:00;0.0;9.4;0
2017-07-23 22:05:00;0.0;9.07;0
2017-07-23 22:10:00;0.0;9.0;1
2017-07-23 22:15:00;0.0;8.67;1
2017-07-23 22:20:00;0.0;8.33;1
2017-07-23 22:25:00;0.0;8.07;1
2017-07-23 22:30:00;0.0;7.93;1
2017-07-23 22:35:00;0.0;7.8;0
2017-07-23 22:40:00;0.0;7.47;0
2017-07-23 22:45:00;0.0;7.27;0
2017-07-23 22:50:00;0.0;7.07;0
2017-07-23 22:55:00;0.0;6.93;0
2017-07-23 23:00:00;0.0;6.73;0
2017-07-23 23:05:00;0.0;6.53;0
2017-07-23 23:10:00;0.0;6.4;0
2017-07-23 23:15:00;0.0;6.07;0
2017-07-23 23:20:00;0.0;5.87;0
2017-07-23 23:25:00;0.0;5.8;0
2017-07-23 23:30:00;0.0;5.53;0
2017-07-23 23:35:00;0.0;5.5;0
2017-07-23 23:40:00;0.0;5.5;0
2017-07-23 23:45:00;0.0;5.5;0
2017-07-23 23:50:00;0.0;5.5;0
2017-07-23 23:55:00;0.0;5.5;0
2017-07-24 00:00:00;0.0;5.5;0
2017-07-24 00:05:00;0.0;5.5;0
2017-07-24 00:10:00;0.0;5.5;0
2017-07-24 00:15:00;0.0;5.5;0
2017-07-24 00:20:00;0.0;5.5;0
2017-07-24 00:25:00;0.0;5.5;0
2017-07-24 00:30:00;0.0;5.5;0
2017-07-24 00:35:00;0.0;5.5;0
2017-07-24 00:40:00;0.0;5.5;0
2017-07-24 00:45:00;0.0;5.5;0
2017-07-24 00:50:00;0.0;5.5;0
2017-07-24 00:55:00;0.0;5.5;0
2017-07-24 01:00:00;0.0;5.5;0
2017-07-24 01:05:00;0.0;5.5;0
2017-07-24 01:10:00;0.0;5.5;0
2017-07-24 01:15:00;0.0;5.5;0
2017-07-24 01:20:00;0.0;5.5;0
2017-07-24 01:25:00;0.0;5.5;0
2017-07-24 01:30:00;0.0;5.5;0
2017-07-24 01:35:00;0.0;5.5;0
2017-07-24 01:40:00;0.0;5.5;0
2017-07-24 01:45:00;0.0;5.5;0
2017-07-24 01:50:00;0.0;5.5;0
2017-07-24 01:55:00;0.0;5.5;0
2017-07-24 02:00:00;0.0;5.5;0
2017-07-24 02:05:00;0.0;5.5;0
2017-07-24 02:10:00;0.0;5.5;0
2017-07-24 02:15:00;0.0;5.5;0
2017-07-24 02:20:00;0.0;5.5;0
2017-07-24 02:25:00;0.0;5.5;0
2017-07-24 02:30:00;0.0;5.5;0
2017-07-24 02:35:00;0.0;5.5;0
2017-07-24 02:40:00;0.0;5.5;0
2017-07-24 02:45:00;0.0;5.5;0
2017-07-24 02:50:00;0.0;5.5;0
2017-07-24 02:55:00;0.0;5.5;0
2017-07-24 03:00:00;0.0;5.5;0
2017-07-24 03:05:00;0.0;5.5;0
2017-07-24 03:10:00;0.0;5.5;0
2017-07-24 03:15:00;0.0;5.5;0
2017-07-24 03:20:00;0.0;5.5;0
2017-07-24 03:25:00;0.0;5.5;0
2017-07-24 03:30:00;0.0;5.5;0
2017-07-24 03:35:00;0.0;5.5;0
2017-07-24 03:40:00;0.0;5.5;0
2017-07-24 03:45:00;0.0;5.5;0
2017-07-24 03:50:00;0.0;5.5;0
2017-07-24 03:55:00;0.0;5.5;0
2017-07-24 04:00:00;0.0;5.5;0
2017-07-24 04:05:00;0.0;5.5;0
2017-07-24 04:10:00;0.0;5.5;0
2017-07-24 04:15:00;0.0;5.5;0
2017-07-24 04:20:00;0.0;5.5;0
2017-07-24 04:25:00;0.0;5.5;0
2017-07-24 04:30:00;0.0;5.5;0
2017-07-24 04:35:00;0.0;5.5;0
2017-07-24 04:40:00;0.0;5.5;0
2017-07-24 04:45:00;0.0;5.5;0
2017-07-24 04:50:00;0.0;5.5;0
2017-07-24 04:55:00;0.0;5.5;0
2017-07-24 05:00:00;0.0;5.5;0
2017-07-24 05:05:00;0.0;5.5;0
2017-07-24 05:10:00;0.0;5.5;0
2017-07-24 05:15:00;0.0;5.5;0
2017-07-24 05:20:00;0.0;5.5;0
2017-07-24 05:25:00;0.0;5.5;0
2017-07-24 05:30:00;0.0;5.5;0
2017-07-24 05:35:00;0.0;5.5;0
2017-07-24 05:40:00;0.0;5.5;0
2017-07-24 05:45:00;0.0;5.5;0
2017-07-24 05:50:00;0.0;5.5;0
2017-07-24 05:55:00;0.0;5.5;0
2017-07-24 06:00:00;0.0;5.5;0
2017-07-24 06:05:00;0.01;5.7;0
2017-07-24 06:10:00;0.03;5.8;1
2017-07-24 06:15:00;0.06;6.0;1
2017-07-24 06:20:00;0.09;6.4;1
2017-07-24 06:25:00;0.12;6.4;1
2017-07-24 06:30:00;0.15;6.6;0
2017-07-24 06:35:00;0.18;6.6;1
2017-07-24 06:40:00;0.2;6.8;0
2017-07-24 06:45:00;0.24;6.8;0
2017-07-24 06:50:00;0.26;7.1;0
2017-07-24 06:55:00;0.28;7.1;0
2017-07-24 07:00:00;0.31;7.3;0
2017-07-24 07:05:00;0.35;7.5;0
2017-07-24 07:10:00;0.38;7.6;0
2017-07-24 07:15:00;0.41;7.9;0
2017-07-24 07:20:00;0.44;8.1;0
2017-07-24 07:25:00;0.46;8.2;0
2017-07-24 07:30:00;0.48;8.6;0
2017-07-24 07:35:00;0.5;8.6;0
2017-07-24 07:40:00;0.52;8.9;0
2017-07-24 07:45:00;0.53;9.1;0
2017-07-24 07:50:00;0.53;9.5;0
2017-07-24 07:55:00;0.54;9.5;0
2017-07-24 08:00:00;0.56;9.9;0
2017-07-24 08:05:00;0.57;10.1;0
2017-07-24 08:10:00;0.6;10.2;0
2017-07-24 08:15:00;0.62;10.2;0
2017-07-24 08:20:00;0.62;10.4;0
2017-07-24 08:25:00;0.62;10.6;0
2017-07-24 08:30:00;0.63;10.7;0
2017-07-24 08:35:00;0.65;11.1;0
2017-07-24 08:40:00;0.66;11.4;0
2017-07-24 08:45:00;0.65;11.4;0
2017-07-24 08:50:00;0.67;11.5;0
2017-07-24 08:55:00;0.66;11.6;0
2017-07-24 09:00:00;0.67;11.7;0
2017-07-24 09:05:00;0.67;11.9;0
2017-07-24 09:10:00;0.69;12.3;0
2017-07-24 09:15:00;0.71;12.6;0
2017-07-24 09:20:00;0.71;12.6;0
2017-07-24 09:25:00;0.69;12.7;0
2017-07-24 09:30:00;0.7;13.0;0
2017-07-24 09:35:00;0.7;13.1;0
2017-07-24 09:40:00;0.71;13.2;0
2017-07-24 09:45:00;0.74;13.4;0
2017-07-24 09:50:00;0.75;13.7;0
2017-07-24 09:55:00;0.76;14.1;0
2017-07-24 10:00:00;0.77;14.1;0
2017-07-24 10:05:00;0.78;14.4;0
2017-07-24 10:10:00;0.78;14.5;0
2017-07-24 10:15:00;0.79;14.9;0
2017-07-24 10:20:00;0.78;15.1;0
2017-07-24 10:25:00;0.79;15.3;0
2017-07-24 10:30:00;0.8;15.3;0
2017-07-24 10:35:00;0.79;15.5;0
2017-07-24 10:40:00;0.79;15.9;0
2017-07-24 10:45:00;0.8;16.2;0
2017-07-24 10:50:00;0.81;16.4;0
2017-07-24 10:55:00;0.81;16.6;0
2017-07-24 11:00:00;0.81;16.7;0
2017-07-24 11:05:00;0.81;17.0;0
2017-07-24 11:10:00;0.81;17.0;0
2017-07-24 11:15:00;0.81;17.3;0
2017-07-24 11:20:00;0.81;17.5;0
2017-07-24 11:25:00;0.8;17.6;0
2017-07-24 11:30:00;0.79;17.7;0
2017-07-24 11:35:00;0.8;18.1;0
2017-07-24 11:40:00;0.79;18.5;0
2017-07-24 11:45:00;0.77;18.9;0
2017-07-24 11:50:00;0.75;18.9;0
2017-07-24 11:55:00;0.7;19.2;0
2017-07-24 12:00:00;0.63;19.4;0
2017-07-24 12:05:00;0.7;19.0;0
2017-07-24 12:10:00;0.69;19.2;0
2017-07-24 12:15:00;0.68;18.9;0
2017-07-24 12:20:00;0.72;19.1;0
2017-07-24 12:25:00;0.68;19.2;0
2017-07-24 12:30:00;0.72;19.6;0
2017-07-24 12:35:00;0.74;19.3;0
2017-07-24 12:40:00;0.75;19.6;0
2017-07-24 12:45:00;0.71;20.0;0
2017-07-24 12:50:00;0.7;19.7;0
2017-07-24 12:55:00;0.62;19.6;0
2017-07-24 13:00:00;0.55;19.6;0
2017-07-24 13:05:00;0.44;19.7;0
2017-07-24 13:10:00;0.51;19.2;0
2017-07-24 13:15:00;0.54;19.4;0
2017-07-24 13:20:00;0.55;19.6;0
2017-07-24 13:25:00;0.65;19.1;0
2017-07-24 13:30:00;0.61;19.4;0
2017-07-24 13:35:00;0.55;19.0;0
2017-07-24 13:40:00;0.49;18.7;0
2017-07-24 13:45:00;0.39;19.0;0
2017-07-24 13:50:00;0.39;18.5;0
2017-07-24 13:55:00;0.53;18.8;0
2017-07-24 14:00:00;0.61;18.5;0
2017-07-24 14:05:00;0.53;18.4;0
2017-07-24 14:10:00;0.42;18.1;1
2017-07-24 14:15:00;0.55;18.1;1
2017-07-24 14:20:00;0.44;18.5;1
2017-07-24 14:25:00;0.31;18.7;1
2017-07-24 14:30:00;0.33;18.7;0
2017-07-24 14:35:00;0.39;18.8;0
2017-07-24 14:40:00;0.5;18.9;0
2017-07-24 14:45:00;0.55;19.2;0
2017-07-24 14:50:00;0.63;19.5;0
2017-07-24 14:55:00;0.58;19.7;0
2017-07-24 15:00:00;0.65;19.7;0
2017-07-24 15:05:00;0.67;19.7;0
2017-07-24 15:10:00;0.71;19.2;0
2017-07-24 15:15:00;0.76;18.9;0
2017-07-24 15:20:00;0.72;18.6;0
2017-07-24 15:25:00;0.73;18.6;0
2017-07-24 15:30:00;0.76;18.9;0
2017-07-24 15:35:00;0.78;18.5;0
2017-07-24 15:40:00;0.77;18.3;0
2017-07-24 15:45:00;0.8;18.3;0
2017-07-24 15:50:00;0.81;18.0;0
2017-07-24 15:55:00;0.81;18.2;0
2017-07-24 16:00:00;0.8;17.7;0
2017-07-24 16:05:00;0.79;17.2;0
2017-07-24 16:10:00;0.8;16.9;0
2017-07-24 16:15:00;0.8;16.7;0
2017-07-24 16:20:00;0.8;16.4;0
2017-07-24 16:25:00;0.8;16.0;0
2017-07-24 16:30:00;0.8;16.4;0
2017-07-24 16:35:00;0.8;16.1;0
2017-07-24 16:40:00;0.8;15.7;0
2017-07-24 16:45:00;0.79;15.5;0
2017-07-24 16:50:00;0.79;15.2;0
2017-07-24 16:55:00;0.79;14.7;0
2017-07-24 17:00:00;0.78;14.3;0
2017-07-24 17:05:00;0.78;14.4;0
2017-07-24 17:10:00;0.77;14.8;0
2017-07-24 17:15:00;0.77;14.9;0
2017-07-24 17:20:00;0.76;14.4;0
2017-07-24 17:25:00;0.76;14.7;0
2017-07-24 17:30:00;0.75;14.6;0
2017-07-24 17:35:00;0.75;14.7;0
2017-07-24 17:40:00;0.74;15.1;0
2017-07-24 17:45:00;0.74;15.3;0
2017-07-24 17:50:00;0.73;15.3;0
2017-07-24 17:55:00;0.72;15.2;0
2017-07-24 18:00:00;0.72;14.7;0
2017-07-24 18:05:00;0.71;14.9;0
2017-07-24 18:10:00;0.7;15.0;1
2017-07-24 18:15:00;0.69;15.2;1
2017-07-24 18:20:00;0.68;14.8;1
2017-07-24 18:25:00;0.67;14.9;1
2017-07-24 18:30:00;0.66;14.8;0
2017-07-24 18:35:00;0.65;14.7;0
2017-07-24 18:40:00;0.64;14.8;0
2017-07-24 18:45:00;0.63;15.0;0
2017-07-24 18:50:00;0.61;15.3;0
2017-07-24 18:55:00;0.6;15.7;0
2017-07-24 19:00:00;0.59;15.3;0
2017-07-24 19:05:00;0.57;15.0;0
2017-07-24 19:10:00;0.56;14.7;0
2017-07-24 19:15:00;0.55;14.6;0
2017-07-24 19:20:00;0.52;14.1;0
2017-07-24 19:25:00;0.0;13.7;0
2017-07-24 19:30:00;0.0;13.7;0
2017-07-24 19:35:00;0.0;13.2;0
2017-07-24 19:40:00;0.0;12.7;0
2017-07-24 19:45:00;0.0;12.5;0
2017-07-24 19:50:00;0.0;12.8;0
2017-07-24 19:55:00;0.0;12.7;0
2017-07-24 20:00:00;0.0;12.8;0
2017-07-24 20:05:00;0.0;13.1;0
2017-07-24 20:10:00;0.0;12.6;0
2017-07-24 20:15:00;0.0;12.6;0
2017-07-24 20:20:00;0.0;12.1;0
2017-07-24 20:25:00;0.0;12.4;0
2017-07-24 20:30:00;0.0;12.1;0
2017-07-24 20:35:00;0.0;12.5;0
2017-07-24 20:40:00;0.0;12.7;0
2017-07-24 20:45:00;0.0;12.6;0
2017-07-24 20:50:00;0.0;12.3;0
2017-07-24 20:55:00;0.0;12.2;0
2017-07-24 21:00:00;0.0;11.93;0
2017-07-24 21:05:00;0.0;11.73;0
2017-07-24 21:10:00;0.0;11.6;0
2017-07-24 21:15:00;0.0;11.27;0
2017-07-24 21:20:00;0.0;10.93;0
2017-07-24 21:25:00;0.0;10.8;0
2017-07-24 21:30:00;0.0;10.53;0
2017-07-24 21:35:00;0.0;10.27;0
2017-07-24 21:40:00;0.0;10.0;0
2017-07-24 21:45:00;0.0;9.93;0
2017-07-24 21:50:00;0.0;9.87;0
2017-07-24 21:55:00;0.0;9.67;0
2017-07-24 22:00:00;0.0;9.33;0
2017-07-24 22:05:00;0.0;9.0;0
2017-07-24 22:10:00;0.0;8.93;1
2017-07-24 22:15:00;0.0;8.67;1
2017-07-24 22:20:00;0.0;8.33;1
2017-07-24 22:25:00;0.0;8.2;1
2017-07-24 22:30:00;0.0;7.87;1
2017-07-24 22:35:00;0.0;7.67;0
2017-07-24 22:40:00;0.0;7.4;0
2017-07-24 22:45:00;0.0;7.33;0
2017-07-24 22:50:00;0.0;7.07;0
2017-07-24 22:55:00;0.0;6.93;0
2017-07-24 23:00:00;0.0;6.87;0
2017-07-24 23:05:00;0.0;6.73;0
2017-07-24 23:10:00;0.0;6.47;0
2017-07-24 23:15:00;0.0;6.13;0
2017-07-24 23:20:00;0.0;6.0;0
2017-07-24 23:25:00;0.0;5.73;0
2017-07-24 23:30:00;0.0;5.53;0
2017-07-24 23:35:00;0.0;5.5;0
2017-07-24 23:40:00;0.0;5.5;0
2017-07-24 23:45:00;0.0;5.5;0
2017-07-24 23:50:00;0.0;5.5;0
2017-07-24 23:55:00;0.0;5.5;0
2017-07-25 00:00:00;0.0;5.5;0
2017-07-25 00:05:00;0.0;5.5;0
2017-07-25 00:10:00;0.0;5.5;0
2017-07-25 00:15:00;0.0;5.5;0
2017-07-25 00:20:00;0.0;5.5;0
2017-07-25 00:25:00;0.0;5.5;0
2017-07-25 00:30:00;0.0;5.5;0
2017-07-25 00:35:00;0.0;5.5;0
2017-07-25 00:40:00;0.0;5.5;0
2017-07-25 00:45:00;0.0;5.5;0
2017-07-25 00:50:00;0.0;5.5;0
2017-07-25 00:55:00;0.0;5.5;0
2017-07-25 01:00:00;0.0;5.5;0
2017-07-25 01:05:00;0.0;5.5;0
2017-07-25 01:10:00;0.0;5.5;0
2017-07-25 01:15:00;0.0;5.5;0
2017-07-25 01:20:00;0.0;5.5;0
2017-07-25 01:25:00;0.0;5.5;0
2017-07-25 01:30:00;0.0;5.5;0
2017-07-25 01:35:00;0.0;5.5;0
2017-07-25 01:40:00;0.0;5.5;0
2017-07-25 01:45:00;0.0;5.5;0
2017-07-25 01:50:00;0.0;5.5;0
2017-07-25 01:55:00;0.0;5.5;0
2017-07-25 02:00:00;0.0;5.5;0
2017-07-25 02:05:00;0.0;5.5;0
2017-07-25 02:10:00;0.0;5.5;0
2017-07-25 02:15:00;0.0;5.5;0
2017-07-25 02:20:00;0.0;5.5;0
2017-07-25 02:25:00;0.0;5.5;0
2017-07-25 02:30:00;0.0;5.5;0
2017-07-25 02:35:00;0.0;5.5;0
2017-07-25 02:40:00;0.0;5.5;0
2017-07-25 02:45:00;0.0;5.5;0
2017-07-25 02:50:00;0.0;5.5;0
2017-07-25 02:55:00;0.0;5.5;0
2017-07-25 03:00:00;0.0;5.5;0
2017-07-25 03:05:00;0.0;5.5;0
2017-07-25 03:10:00;0.0;5.5;0
2017-07-25 03:15:00;0.0;5.5;0
2017-07-25 03:20:00;0.0;5.5;0
2017-07-25 03:25:00;0.0;5.5;0
2017-07-25 03:30:00;0.0;5.5;0
2017-07-25 03:35:00;0.0;5.5;0
2017-07-25 03:40:00;0.0;5.5;0
2017-07-25 03:45:00;0.0;5.5;0
2017-07-25 03:50:00;0.0;5.5;0
2017-07-25 03:55:00;0.0;5.5;0
2017-07-25 04:00:00;0.0;5.5;0
2017-07-25 04:05:00;0.0;5.5;0
2017-07-25 04:10:00;0.0;5.5;0
2017-07-25 04:15:00;0.0;5.5;0
2017-07-25 04:20:00;0.0;5.5;0
2017-07-25 04:25:00;0.0;5.5;0
2017-07-25 04:30:00;0.0;5.5;0
2017-07-25 04:35:00;0.0;5.5;0
2017-07-25 04:40:00;0.0;5.5;0
2017-07-25 04:45:00;0.0;5.5;0
2017-07-25 04:50:00;0.0;5.5;0
2017-07-25 04:55:00;0.0;5.5;0
2017-07-25 05:00:00;0.0;5.5;0
2017-07-25 05:05:00;0.0;5.5;0
2017-07-25 05:10:00;0.0;5.5;0
2017-07-25 05:15:00;0.0;5.5;0
2017-07-25 05:20:00;0.0;5.5;0
2017-07-25 05:25:00;0.0;5.5;0
2017-07-25 05:30:00;0.0;5.5;0
2017-07-25 05:35:00;0.0;5.5;0
2017-07-25 05:40:00;0.0;5.5;0
2017-07-25 05:45:00;0.0;5.5;0
2017-07-25 05:50:00;0.0;5.5;0
2017-07-25 05:55:00;0.0;5.5;0
2017-07-25 06:00:00;0.0;5.5;0
2017-07-25 06:05:00;0.01;5.7;0
2017-07-25 06:10:00;0.03;6.0;0
2017-07-25 06:15:00;0.05;6.4;1
2017-07-25 06:20:00;0.08;6.6;1
2017-07-25 06:25:00;0.12;6.7;1
2017-07-25 06:30:00;0.15;6.9;1
2017-07-25 06:35:00;0.18;7.1;0
2017-07-25 06:40:00;0.22;7.1;0
2017-07-25 06:45:00;0.25;7.2;0
2017-07-25 06:50:00;0.28;7.2;0
2017-07-25 06:55:00;0.31;7.6;0
2017-07-25 07:00:00;0.33;8.0;0
2017-07-25 07:05:00;0.35;8.2;0
2017-07-25 07:10:00;0.37;8.3;0
2017-07-25 07:15:00;0.41;8.3;0
2017-07-25 07:20:00;0.43;8.6;0
2017-07-25 07:25:00;0.46;8.9;0
2017-07-25 07:30:00;0.48;8.9;0
2017-07-25 07:35:00;0.5;8.9;0
2017-07-25 07:40:00;0.52;9.2;0
2017-07-25 07:45:00;0.54;9.2;0
2017-07-25 07:50:00;0.55;9.6;0
2017-07-25 07:55:00;0.57;9.9;0
2017-07-25 08:00:00;0.59;10.3;0
2017-07-25 08:05:00;0.6;10.3;0
2017-07-25 08:10:00;0.61;10.4;0
2017-07-25 08:15:00;0.62;10.7;0
2017-07-25 08:20:00;0.63;10.9;0
2017-07-25 08:25:00;0.64;11.0;0
2017-07-25 08:30:00;0.66;11.2;0
2017-07-25 08:35:00;0.67;11.6;0
2017-07-25 08:40:00;0.67;11.8;0
2017-07-25 08:45:00;0.68;12.0;0
2017-07-25 08:50:00;0.68;12.0;0
2017-07-25 08:55:00;0.69;12.0;0
2017-07-25 09:00:00;0.7;12.4;0
2017-07-25 09:05:00;0.71;12.5;0
2017-07-25 09:10:00;0.72;12.9;0
2017-07-25 09:15:00;0.73;12.9;0
2017-07-25 09:20:00;0.73;13.2;0
2017-07-25 09:25:00;0.73;13.3;0
2017-07-25 09:30:00;0.73;13.6;0
2017-07-25 09:35:00;0.75;13.6;0
2017-07-25 09:40:00;0.76;13.9;0
2017-07-25 09:45:00;0.76;14.0;0
2017-07-25 09:50:00;0.77;14.3;0
2017-07-25 09:55:00;0.77;14.4;0
2017-07-25 10:00:00;0.77;14.5;0
2017-07-25 10:05:00;0.78;14.5;0
2017-07-25 10:10:00;0.78;14.5;0
2017-07-25 10:15:00;0.79;14.5;0
2017-07-25 10:20:00;0.79;14.9;0
2017-07-25 10:25:00;0.8;15.1;0
2017-07-25 10:30:00;0.8;15.4;0
2017-07-25 10:35:00;0.81;15.8;0
2017-07-25 10:40:00;0.81;16.1;0
2017-07-25 10:45:00;0.81;16.1;0
2017-07-25 10:50:00;0.81;16.1;0
2017-07-25 10:55:00;0.82;16.3;0
2017-07-25 11:00:00;0.82;16.5;0
2017-07-25 11:05:00;0.82;16.8;0
2017-07-25 11:10:00;0.82;17.1;0
2017-07-25 11:15:00;0.83;17.4;0
2017-07-25 11:20:00;0.83;17.5;0
2017-07-25 11:25:00;0.83;17.5;0
2017-07-25 11:30:00;0.83;17.5;0
2017-07-25 11:35:00;0.83;17.6;0
2017-07-25 11:40:00;0.84;17.9;0
2017-07-25 11:45:00;0.84;18.1;0
2017-07-25 11:50:00;0.84;18.5;0
2017-07-25 11:55:00;0.84;18.7;0
2017-07-25 12:00:00;0.84;19.0;0
2017-07-25 12:05:00;0.84;19.2;0
2017-07-25 12:10:00;0.85;19.2;0
2017-07-25 12:15:00;0.85;19.5;0
2017-07-25 12:20:00;0.85;19.8;0
2017-07-25 12:25:00;0.85;19.9;0
2017-07-25 12:30:00;0.85;20.3;0
2017-07-25 12:35:00;0.85;20.5;0
2017-07-25 12:40:00;0.85;20.3;0
2017-07-25 12:45:00;0.84;20.2;0
2017-07-25 12:50:00;0.83;19.9;0
2017-07-25 12:55:00;0.83;19.6;0
2017-07-25 13:00:00;0.84;19.3;0
2017-07-25 13:05:00;0.84;19.7;0
2017-07-25 13:10:00;0.85;19.6;0
2017-07-25 13:15:00;0.85;19.7;0
2017-07-25 13:20:00;0.85;19.8;0
2017-07-25 13:25:00;0.85;19.3;0
2017-07-25 13:30:00;0.85;19.7;0
2017-07-25 13:35:00;0.85;20.0;0
2017-07-25 13:40:00;0.85;20.3;0
2017-07-25 13:45:00;0.85;20.4;0
2017-07-25 13:50:00;0.85;20.3;0
2017-07-25 13:55:00;0.85;20.3;0
2017-07-25 14:00:00;0.85;20.5;0
2017-07-25 14:05:00;0.85;20.8;0
2017-07-25 14:10:00;0.85;20.8;1
2017-07-25 14:15:00;0.85;20.3;1
2017-07-25 14:20:00;0.84;19.9;1
2017-07-25 14:25:00;0.84;20.0;1
2017-07-25 14:30:00;0.85;19.8;0
2017-07-25 14:35:00;0.85;19.8;0
2017-07-25 14:40:00;0.84;19.6;0
2017-07-25 14:45:00;0.84;19.6;0
2017-07-25 14:50:00;0.84;19.6;0
2017-07-25 14:55:00;0.84;20.0;0
2017-07-25 15:00:00;0.84;19.7;0
2017-07-25 15:05:00;0.84;19.8;0
2017-07-25 15:10:00;0.84;19.9;0
2017-07-25 15:15:00;0.84;19.6;0
2017-07-25 15:20:00;0.84;20.0;0
2017-07-25 15:25:00;0.84;19.6;0
2017-07-25 15:30:00;0.83;19.5;0
2017-07-25 15:35:00;0.83;19.4;0
2017-07-25 15:40:00;0.83;19.7;0
2017-07-25 15:45:00;0.82;20.1;0
2017-07-25 15:50:00;0.81;20.4;0
2017-07-25 15:55:00;0.8;20.4;0
2017-07-25 16:00:00;0.78;20.7;0
2017-07-25 16:05:00;0.78;20.7;0
2017-07-25 16:10:00;0.76;20.7;0
2017-07-25 16:15:00;0.77;21.0;0
2017-07-25 16:20:00;0.75;21.0;0
2017-07-25 16:25:00;0.76;21.0;0
2017-07-25 16:30:00;0.76;21.0;0
2017-07-25 16:35:00;0.73;21.0;0
2017-07-25 16:40:00;0.69;20.6;0
2017-07-25 16:45:00;0.63;20.9;0
2017-07-25 16:50:00;0.55;20.7;0
2017-07-25 16:55:00;0.62;21.0;0
2017-07-25 17:00:00;0.65;21.0;0
2017-07-25 17:05:00;0.6;20.7;0
2017-07-25 17:10:00;0.64;20.4;0
2017-07-25 17:15:00;0.63;20.7;0
2017-07-25 17:20:00;0.58;20.7;0
2017-07-25 17:25:00;0.5;20.3;0
2017-07-25 17:30:00;0.53;20.5;0
2017-07-25 17:35:00;0.55;20.9;0
2017-07-25 17:40:00;0.51;20.4;0
2017-07-25 17:45:00;0.47;20.8;0
2017-07-25 17:50:00;0.43;20.5;0
2017-07-25 17:55:00;0.47;20.5;0
2017-07-25 18:00:00;0.37;20.1;0
2017-07-25 18:05:00;0.38;20.2;0
2017-07-25 18:10:00;0.47;19.7;0
2017-07-25 18:15:00;0.38;19.5;1
2017-07-25 18:20:00;0.44;19.0;1
2017-07-25 18:25:00;0.52;18.5;1
2017-07-25 18:30:00;0.45;18.4;1
2017-07-25 18:35:00;0.48;18.5;0
2017-07-25 18:40:00;0.46;18.0;0
2017-07-25 18:45:00;0.4;17.7;0
2017-07-25 18:50:00;0.39;17.6;0
2017-07-25 18:55:00;0.45;17.3;0
2017-07-25 19:00:00;0.43;17.1;0
2017-07-25 19:05:00;0.39;16.8;0
2017-07-25 19:10:00;0.32;16.5;0
2017-07-25 19:15:00;0.28;16.4;0
2017-07-25 19:20:00;0.19;15.9;0
2017-07-25 19:25:00;0.0;16.3;0
2017-07-25 19:30:00;0.0;16.7;0
2017-07-25 19:35:00;0.0;16.3;0
2017-07-25 19:40:00;0.0;16.7;0
2017-07-25 19:45:00;0.0;17.1;0
2017-07-25 19:50:00;0.0;16.7;0
2017-07-25 19:55:00;0.0;16.4;0
2017-07-25 20:00:00;0.0;16.7;0
2017-07-25 20:05:00;0.0;16.9;0
2017-07-25 20:10:00;0.0;17.3;0
2017-07-25 20:15:00;0.0;17.4;0
2017-07-25 20:20:00;0.0;17.0;0
2017-07-25 20:25:00;0.0;17.2;0
2017-07-25 20:30:00;0.0;16.7;0
2017-07-25 20:35:00;0.0;16.6;0
2017-07-25 20:40:00;0.0;16.2;0
2017-07-25 20:45:00;0.0;16.0;0
2017-07-25 20:50:00;0.0;15.7;0
2017-07-25 20:55:00;0.0;16.1;0
2017-07-25 21:00:00;0.0;15.9;0
2017-07-25 21:05:00;0.0;15.83;0
2017-07-25 21:10:00;0.0;15.7;0
2017-07-25 21:15:00;0.0;15.43;0
2017-07-25 21:20:00;0.0;15.37;0
2017-07-25 21:25:00;0.0;15.23;0
2017-07-25 21:30:00;0.0;15.1;0
2017-07-25 21:35:00;0.0;14.77;0
2017-07-25 21:40:00;0.0;14.63;0
2017-07-25 21:45:00;0.0;14.5;0
2017-07-25 21:50:00;0.0;14.43;0
2017-07-25 21:55:00;0.0;14.17;0
2017-07-25 22:00:00;0.0;14.1;0
2017-07-25 22:05:00;0.0;13.9;0
2017-07-25 22:10:00;0.0;13.83;1
2017-07-25 22:15:00;0.0;13.7;1
2017-07-25 22:20:00;0.0;13.43;1
2017-07-25 22:25:00;0.0;13.23;1
2017-07-25 22:30:00;0.0;13.03;0
2017-07-25 22:35:00;0.0;12.83;1
2017-07-25 22:40:00;0.0;12.57;0
2017-07-25 22:45:00;0.0;12.37;0
2017-07-25 22:50:00;0.0;12.03;0
2017-07-25 22:55:00;0.0;11.7;0
2017-07-25 23:00:00;0.0;11.5;0
2017-07-25 23:05:00;0.0;11.37;0
2017-07-25 23:10:00;0.0;11.17;0
2017-07-25 23:15:00;0.0;10.9;0
2017-07-25 23:20:00;0.0;10.63;0
2017-07-25 23:25:00;0.0;10.37;0
2017-07-25 23:30:00;0.0;10.03;0
2017-07-25 23:35:00;0.0;9.97;0
2017-07-25 23:40:00;0.0;9.63;0
2017-07-25 23:45:00;0.0;9.57;0
2017-07-25 23:50:00;0.0;9.43;0
2017-07-25 23:55:00;0.0;9.3;0
2017-07-26 00:00:00;0.0;9.1;0
2017-07-26 00:05:00;0.0;9.02;0
2017-07-26 00:10:00;0.0;8.95;0
2017-07-26 00:15:00;0.0;8.9;0
2017-07-26 00:20:00;0.0;8.8;0
2017-07-26 00:25:00;0.0;8.77;0
2017-07-26 00:30:00;0.0;8.72;0
2017-07-26 00:35:00;0.0;8.7;0
2017-07-26 00:40:00;0.0;8.62;0
2017-07-26 00:45:00;0.0;8.52;0
2017-07-26 00:50:00;0.0;8.45;0
2017-07-26 00:55:00;0.0;8.37;0
2017-07-26 01:00:00;0.0;8.3;0
2017-07-26 01:05:00;0.0;8.22;0
2017-07-26 01:10:00;0.0;8.17;0
2017-07-26 01:15:00;0.0;8.12;0
2017-07-26 01:20:00;0.0;8.05;0
2017-07-26 01:25:00;0.0;7.97;0
2017-07-26 01:30:00;0.0;7.95;0
2017-07-26 01:35:00;0.0;7.85;0
2017-07-26 01:40:00;0.0;7.75;0
2017-07-26 01:45:00;0.0;7.65;0
2017-07-26 01:50:00;0.0;7.6;0
2017-07-26 01:55:00;0.0;7.52;0
2017-07-26 02:00:00;0.0;7.5;0
2017-07-26 02:05:00;0.0;7.42;0
2017-07-26 02:10:00;0.0;7.37;0
2017-07-26 02:15:00;0.0;7.35;0
2017-07-26 02:20:00;0.0;7.32;0
2017-07-26 02:25:00;0.0;7.25;0
2017-07-26 02:30:00;0.0;7.22;0
2017-07-26 02:35:00;0.0;7.17;0
2017-07-26 02:40:00;0.0;7.15;0
2017-07-26 02:45:00;0.0;7.12;0
2017-07-26 02:50:00;0.0;7.07;0
2017-07-26 02:55:00;0.0;7.05;0
2017-07-26 03:00:00;0.0;7.02;0
2017-07-26 03:05:00;0.0;7.0;0
2017-07-26 03:10:00;0.0;6.9;0
2017-07-26 03:15:00;0.0;6.8;0
2017-07-26 03:20:00;0.0;6.72;0
2017-07-26 03:25:00;0.0;6.62;0
2017-07-26 03:30:00;0.0;6.55;0
2017-07-26 03:35:00;0.0;6.52;0
2017-07-26 03:40:00;0.0;6.45;0
2017-07-26 03:45:00;0.0;6.35;0
2017-07-26 03:50:00;0.0;6.27;0
2017-07-26 03:55:00;0.0;6.2;0
2017-07-26 04:00:00;0.0;6.1;0
2017-07-26 04:05:00;0.0;6.07;0
2017-07-26 04:10:00;0.0;6.05;0
2017-07-26 04:15:00;0.0;5.95;0
2017-07-26 04:20:00;0.0;5.85;0
2017-07-26 04:25:00;0.0;5.8;0
2017-07-26 04:30:00;0.0;5.77;0
2017-07-26 04:35:00;0.0;5.67;0
2017-07-26 04:40:00;0.0;5.62;0
2017-07-26 04:45:00;0.0;5.6;0
2017-07-26 04:50:00;0.0;5.5;0
2017-07-26 04:55:00;0.0;5.5;0
2017-07-26 05:00:00;0.0;5.5;0
2017-07-26 05:05:00;0.0;5.5;0
2017-07-26 05:10:00;0.0;5.5;0
2017-07-26 05:15:00;0.0;5.5;0
2017-07-26 05:20:00;0.0;5.5;0
2017-07-26 05:25:00;0.0;5.5;0
2017-07-26 05:30:00;0.0;5.5;0
2017-07-26 05:35:00;0.0;5.5;0
2017-07-26 05:40:00;0.0;5.5;0
2017-07-26 05:45:00;0.0;5.5;0
2017-07-26 05:50:00;0.0;5.5;0
2017-07-26 05:55:00;0.0;5.5;0
2017-07-26 06:00:00;0.0;5.5;0
2017-07-26 06:05:00;0.01;5.8;0
2017-07-26 06:10:00;0.01;6.0;0
2017-07-26 06:15:00;0.03;6.3;1
2017-07-26 06:20:00;0.05;6.4;1
2017-07-26 06:25:00;0.08;6.7;1
2017-07-26 06:30:00;0.1;6.8;1
2017-07-26 06:35:00;0.14;6.8;1
2017-07-26 06:40:00;0.15;7.0;0
2017-07-26 06:45:00;0.17;7.2;0
2017-07-26 06:50:00;0.16;7.6;0
2017-07-26 06:55:00;0.22;7.8;0
2017-07-26 07:00:00;0.27;7.8;0
2017-07-26 07:05:00;0.31;8.2;0
2017-07-26 07:10:00;0.33;8.4;0
2017-07-26 07:15:00;0.34;8.4;0
2017-07-26 07:20:00;0.36;8.4;0
2017-07-26 07:25:00;0.35;8.5;0
2017-07-26 07:30:00;0.31;8.5;0
2017-07-26 07:35:00;0.31;8.7;0
2017-07-26 07:40:00;0.33;8.8;0
2017-07-26 07:45:00;0.39;9.2;0
2017-07-26 07:50:00;0.34;9.4;0
2017-07-26 07:55:00;0.3;9.6;0
2017-07-26 08:00:00;0.31;9.7;0
2017-07-26 08:05:00;0.33;10.0;0
2017-07-26 08:10:00;0.34;10.3;0
2017-07-26 08:15:00;0.4;10.3;0
2017-07-26 08:20:00;0.33;10.6;0
2017-07-26 08:25:00;0.29;10.7;0
2017-07-26 08:30:00;0.21;11.0;0
2017-07-26 08:35:00;0.32;11.2;0
2017-07-26 08:40:00;0.42;11.4;0
2017-07-26 08:45:00;0.44;11.4;0
2017-07-26 08:50:00;0.54;11.4;0
2017-07-26 08:55:00;0.53;11.5;0
2017-07-26 09:00:00;0.58;11.9;0
2017-07-26 09:05:00;0.6;12.3;0
2017-07-26 09:10:00;0.55;12.3;0
2017-07-26 09:15:00;0.63;12.3;0
2017-07-26 09:20:00;0.62;12.3;0
2017-07-26 09:25:00;0.6;12.7;0
2017-07-26 09:30:00;0.67;13.1;0
2017-07-26 09:35:00;0.62;13.2;0
2017-07-26 09:40:00;0.59;13.4;0
2017-07-26 09:45:00;0.57;13.5;0
2017-07-26 09:50:00;0.63;13.5;0
2017-07-26 09:55:00;0.57;13.8;0
2017-07-26 10:00:00;0.63;14.2;0
2017-07-26 10:05:00;0.67;14.5;0
2017-07-26 10:10:00;0.69;14.9;0
2017-07-26 10:15:00;0.74;15.1;0
2017-07-26 10:20:00;0.73;15.2;0
2017-07-26 10:25:00;0.75;15.5;0
2017-07-26 10:30:00;0.73;15.9;0
2017-07-26 10:35:00;0.73;16.2;0
2017-07-26 10:40:00;0.76;16.5;0
2017-07-26 10:45:00;0.78;16.7;0
2017-07-26 10:50:00;0.78;16.7;0
2017-07-26 10:55:00;0.79;16.9;0
2017-07-26 11:00:00;0.77;17.2;0
2017-07-26 11:05:00;0.78;17.4;0
2017-07-26 11:10:00;0.8;17.5;0
2017-07-26 11:15:00;0.79;17.5;0
2017-07-26 11:20:00;0.78;17.6;0
2017-07-26 11:25:00;0.77;17.9;0
2017-07-26 11:30:00;0.79;18.3;0
2017-07-26 11:35:00;0.77;18.6;0
2017-07-26 11:40:00;0.78;18.6;0
2017-07-26 11:45:00;0.75;18.6;0
2017-07-26 11:50:00;0.69;19.0;0
2017-07-26 11:55:00;0.76;19.1;0
2017-07-26 12:00:00;0.77;19.0;0
2017-07-26 12:05:00;0.74;18.9;0
2017-07-26 12:10:00;0.76;19.3;0
2017-07-26 12:15:00;0.79;19.0;0
2017-07-26 12:20:00;0.82;19.4;0
2017-07-26 12:25:00;0.8;19.6;0
2017-07-26 12:30:00;0.77;19.5;0
2017-07-26 12:35:00;0.74;19.5;0
2017-07-26 12:40:00;0.76;19.8;0
2017-07-26 12:45:00;0.78;19.8;0
2017-07-26 12:50:00;0.82;19.8;0
2017-07-26 12:55:00;0.8;19.7;0
2017-07-26 13:00:00;0.8;19.4;0
2017-07-26 13:05:00;0.77;19.5;0
2017-07-26 13:10:00;0.76;19.8;0
2017-07-26 13:15:00;0.77;19.6;0
2017-07-26 13:20:00;0.75;20.0;0
2017-07-26 13:25:00;0.71;19.7;0
2017-07-26 13:30:00;0.74;19.8;0
2017-07-26 13:35:00;0.68;20.2;0
2017-07-26 13:40:00;0.64;20.2;0
2017-07-26 13:45:00;0.62;20.4;0
2017-07-26 13:50:00;0.58;20.6;0
2017-07-26 13:55:00;0.66;20.2;0
2017-07-26 14:00:00;0.58;19.9;0
2017-07-26 14:05:00;0.5;20.1;0
2017-07-26 14:10:00;0.42;19.9;0
2017-07-26 14:15:00;0.55;19.6;1
2017-07-26 14:20:00;0.47;19.6;1
2017-07-26 14:25:00;0.45;20.0;1
2017-07-26 14:30:00;0.59;19.8;1
2017-07-26 14:35:00;0.58;20.2;0
2017-07-26 14:40:00;0.63;20.3;0
2017-07-26 14:45:00;0.54;20.5;0
2017-07-26 14:50:00;0.62;20.3;0
2017-07-26 14:55:00;0.65;19.9;0
2017-07-26 15:00:00;0.68;19.6;0
2017-07-26 15:05:00;0.73;20.0;0
2017-07-26 15:10:00;0.7;19.8;0
2017-07-26 15:15:00;0.64;20.0;0
2017-07-26 15:20:00;0.61;20.2;0
2017-07-26 15:25:00;0.52;19.9;0
2017-07-26 15:30:00;0.38;19.4;0
2017-07-26 15:35:00;0.44;18.9;0
2017-07-26 15:40:00;0.51;19.3;0
2017-07-26 15:45:00;0.46;18.9;0
2017-07-26 15:50:00;0.48;18.5;0
2017-07-26 15:55:00;0.57;18.1;0
2017-07-26 16:00:00;0.53;17.6;0
2017-07-26 16:05:00;0.48;17.1;0
2017-07-26 16:10:00;0.36;17.2;0
2017-07-26 16:15:00;0.43;17.4;0
2017-07-26 16:20:00;0.54;16.9;0
2017-07-26 16:25:00;0.52;17.3;0
2017-07-26 16:30:00;0.57;17.3;0
2017-07-26 16:35:00;0.54;17.3;0
2017-07-26 16:40:00;0.59;16.8;0
2017-07-26 16:45:00;0.5;16.3;0
2017-07-26 16:50:00;0.43;16.1;0
2017-07-26 16:55:00;0.5;16.4;0
2017-07-26 17:00:00;0.54;16.6;0
2017-07-26 17:05:00;0.52;16.1;0
2017-07-26 17:10:00;0.55;15.6;0
2017-07-26 17:15:00;0.55;15.9;0
2017-07-26 17:20:00;0.61;15.4;0
2017-07-26 17:25:00;0.56;15.8;0
2017-07-26 17:30:00;0.54;15.6;0
2017-07-26 17:35:00;0.57;15.4;0
2017-07-26 17:40:00;0.51;15.7;0
2017-07-26 17:45:00;0.44;15.2;0
2017-07-26 17:50:00;0.46;14.9;0
2017-07-26 17:55:00;0.48;15.2;0
2017-07-26 18:00:00;0.42;15.2;0
2017-07-26 18:05:00;0.35;14.9;0
2017-07-26 18:10:00;0.35;14.4;1
2017-07-26 18:15:00;0.37;14.5;1
2017-07-26 18:20:00;0.35;14.7;1
2017-07-26 18:25:00;0.35;14.3;1
2017-07-26 18:30:00;0.23;14.6;0
2017-07-26 18:35:00;0.35;14.9;0
2017-07-26 18:40:00;0.27;15.3;0
2017-07-26 18:45:00;0.16;15.4;0
2017-07-26 18:50:00;0.15;15.7;0
2017-07-26 18:55:00;0.17;16.0;0
2017-07-26 19:00:00;0.29;15.5;0
2017-07-26 19:05:00;0.19;15.0;0
2017-07-26 19:10:00;0.14;15.1;0
2017-07-26 19:15:00;0.2;15.3;0
2017-07-26 19:20:00;0.18;15.0;0
2017-07-26 19:25:00;0.0;15.0;0
2017-07-26 19:30:00;0.0;14.7;0
2017-07-26 19:35:00;0.0;14.5;0
2017-07-26 19:40:00;0.0;14.3;0
2017-07-26 19:45:00;0.0;14.1;0
2017-07-26 19:50:00;0.0;14.2;0
2017-07-26 19:55:00;0.0;13.9;0
2017-07-26 20:00:00;0.0;13.4;0
2017-07-26 20:05:00;0.0;13.7;0
2017-07-26 20:10:00;0.0;13.3;0
2017-07-26 20:15:00;0.0;13.6;0
2017-07-26 20:20:00;0.0;13.7;0
2017-07-26 20:25:00;0.0;13.6;0
2017-07-26 20:30:00;0.0;13.2;0
2017-07-26 20:35:00;0.0;12.9;0
2017-07-26 20:40:00;0.0;12.5;0
2017-07-26 20:45:00;0.0;12.6;0
2017-07-26 20:50:00;0.0;12.9;0
2017-07-26 20:55:00;0.0;13.2;0
2017-07-26 21:00:00;0.0;13.13;0
2017-07-26 21:05:00;0.0;12.8;0
2017-07-26 21:10:00;0.0;12.47;0
2017-07-26 21:15:00;0.0;12.27;0
2017-07-26 21:20:00;0.0;12.13;0
2017-07-26 21:25:00;0.0;11.8;0
2017-07-26 21:30:00;0.0;11.53;0
2017-07-26 21:35:00;0.0;11.33;0
2017-07-26 21:40:00;0.0;11.07;0
2017-07-26 21:45:00;0.0;10.87;0
2017-07-26 21:50:00;0.0;10.53;0
2017-07-26 21:55:00;0.0;10.47;0
2017-07-26 22:00:00;0.0;10.33;0
2017-07-26 22:05:00;0.0;10.07;0
2017-07-26 22:10:00;0.0;9.87;1
2017-07-26 22:15:00;0.0;9.73;1
2017-07-26 22:20:00;0.0;9.47;0
2017-07-26 22:25:00;0.0;9.4;1
2017-07-26 22:30:00;0.0;9.27;1
2017-07-26 22:35:00;0.0;9.07;0
2017-07-26 22:40:00;0.0;9.0;0
2017-07-26 22:45:00;0.0;8.87;0
2017-07-26 22:50:00;0.0;8.6;0
2017-07-26 22:55:00;0.0;8.47;0
2017-07-26 23:00:00;0.0;8.13;0
2017-07-26 23:05:00;0.0;8.07;0
2017-07-26 23:10:00;0.0;7.93;0
2017-07-26 23:15:00;0.0;7.87;0
2017-07-26 23:20:00;0.0;7.6;0
2017-07-26 23:25:00;0.0;7.33;0
2017-07-26 23:30:00;0.0;7.13;0
2017-07-26 23:35:00;0.0;6.8;0
2017-07-26 23:40:00;0.0;6.53;0
2017-07-26 23:45:00;0.0;6.2;0
2017-07-26 23:50:00;0.0;6.0;0
2017-07-26 23:55:00;0.0;5.87;0
2017-07-27 00:00:00;0.0;5.8;0
2017-07-27 00:05:00;0.0;5.7;0
2017-07-27 00:10:00;0.0;5.6;0
2017-07-27 00:15:00;0.0;5.52;0
2017-07-27 00:20:00;0.0;5.5;0
2017-07-27 00:25:00;0.0;5.5;0
2017-07-27 00:30:00;0.0;5.5;0
2017-07-27 00:35:00;0.0;5.5;0
2017-07-27 00:40:00;0.0;5.5;0
2017-07-27 00:45:00;0.0;5.5;0
2017-07-27 00:50:00;0.0;5.5;0
2017-07-27 00:55:00;0.0;5.5;0
2017-07-27 01:00:00;0.0;5.5;0
2017-07-27 01:05:00;0.0;5.5;0
2017-07-27 01:10:00;0.0;5.5;0
2017-07-27 01:15:00;0.0;5.5;0
2017-07-27 01:20:00;0.0;5.5;0
2017-07-27 01:25:00;0.0;5.5;0
2017-07-27 01:30:00;0.0;5.5;0
2017-07-27 01:35:00;0.0;5.5;0
2017-07-27 01:40:00;0.0;5.5;0
2017-07-27 01:45:00;0.0;5.5;0
2017-07-27 01:50:00;0.0;5.5;0
2017-07-27 01:55:00;0.0;5.5;0
2017-07-27 02:00:00;0.0;5.5;0
2017-07-27 02:05:00;0.0;5.5;0
2017-07-27 02:10:00;0.0;5.5;0
2017-07-27 02:15:00;0.0;5.5;0
2017-07-27 02:20:00;0.0;5.5;0
2017-07-27 02:25:00;0.0;5.5;0
2017-07-27 02:30:00;0.0;5.5;0
2017-07-27 02:35:00;0.0;5.5;0
2017-07-27 02:40:00;0.0;5.5;0
2017-07-27 02:45:00;0.0;5.5;0
2017-07-27 02:50:00;0.0;5.5;0
2017-07-27 02:55:00;0.0;5.5;0
2017-07-27 03:00:00;0.0;5.5;0
2017-07-27 03:05:00;0.0;5.5;0
2017-07-27 03:10:00;0.0;5.5;0
2017-07-27 03:15:00;0.0;5.5;0
2017-07-27 03:20:00;0.0;5.5;0
2017-07-27 03:25:00;0.0;5.5;0
2017-07-27 03:30:00;0.0;5.5;0
2017-07-27 03:35:00;0.0;5.5;0
2017-07-27 03:40:00;0.0;5.5;0
2017-07-27 03:45:00;0.0;5.5;0
2017-07-27 03:50:00;0.0;5.5;0
2017-07-27 03:55:00;0.0;5.5;0
2017-07-27 04:00:00;0.0;5.5;0
2017-07-27 04:05:00;0.0;5.5;0
2017-07-27 04:10:00;0.0;5.5;0
2017-07-27 04:15:00;0.0;5.5;0
2017-07-27 04:20:00;0.0;5.5;0
2017-07-27 04:25:00;0.0;5.5;0
2017-07-27 04:30:00;0.0;5.5;0
2017-07-27 04:35:00;0.0;5.5;0
2017-07-27 04:40:00;0.0;5.5;0
2017-07-27 04:45:00;0.0;5.5;0
2017-07-27 04:50:00;0.0;5.5;0
2017-07-27 04:55:00;0.0;5.5;0
2017-07-27 05:00:00;0.0;5.5;0
2017-07-27 05:05:00;0.0;5.5;0
2017-07-27 05:10:00;0.0;5.5;0
2017-07-27 05:15:00;0.0;5.5;0
2017-07-27 05:20:00;0.0;5.5;0
2017-07-27 05:25:00;0.0;5.5;0
2017-07-27 05:30:00;0.0;5.5;0
2017-07-27 05:35:00;0.0;5.5;0
2017-07-27 05:40:00;0.0;5.5;0
2017-07-27 05:45:00;0.0;5.5;0
2017-07-27 05:50:00;0.0;5.5;0
2017-07-27 05:55:00;0.0;5.5;0
2017-07-27 06:00:00;0.0;5.5;0
2017-07-27 06:05:00;0.01;5.7;1
2017-07-27 06:10:00;0.02;6.1;1
2017-07-27 06:15:00;0.04;6.3;1
2017-07-27 06:20:00;0.07;6.4;1
2017-07-27 06:25:00;0.1;6.8;1
2017-07-27 06:30:00;0.13;6.8;0
2017-07-27 06:35:00;0.17;7.0;1
2017-07-27 06:40:00;0.2;7.0;0
2017-07-27 06:45:00;0.24;7.3;0
2017-07-27 06:50:00;0.27;7.5;0
2017-07-27 06:55:00;0.3;7.5;0
2017-07-27 07:00:00;0.33;7.7;0
2017-07-27 07:05:00;0.36;7.9;0
2017-07-27 07:10:00;0.39;8.0;0
2017-07-27 07:15:00;0.41;8.0;0
2017-07-27 07:20:00;0.44;8.2;0
2017-07-27 07:25:00;0.46;8.6;0
2017-07-27 07:30:00;0.48;9.0;0
2017-07-27 07:35:00;0.5;9.0;0
2017-07-27 07:40:00;0.52;9.3;0
2017-07-27 07:45:00;0.53;9.7;0
2017-07-27 07:50:00;0.55;10.1;0
2017-07-27 07:55:00;0.57;10.3;0
2017-07-27 08:00:00;0.58;10.7;0
2017-07-27 08:05:00;0.59;10.8;0
2017-07-27 08:10:00;0.61;11.2;0
2017-07-27 08:15:00;0.62;11.3;0
2017-07-27 08:20:00;0.63;11.4;0
2017-07-27 08:25:00;0.64;11.4;0
2017-07-27 08:30:00;0.65;11.8;0
2017-07-27 08:35:00;0.66;11.9;0
2017-07-27 08:40:00;0.67;12.2;0
2017-07-27 08:45:00;0.68;12.6;0
2017-07-27 08:50:00;0.69;12.7;0
2017-07-27 08:55:00;0.7;12.7;0
2017-07-27 09:00:00;0.71;12.7;0
2017-07-27 09:05:00;0.71;13.0;0
2017-07-27 09:10:00;0.72;13.2;0
2017-07-27 09:15:00;0.73;13.5;0
2017-07-27 09:20:00;0.74;13.7;0
2017-07-27 09:25:00;0.74;14.1;0
2017-07-27 09:30:00;0.75;14.4;0
2017-07-27 09:35:00;0.75;14.4;0
2017-07-27 09:40:00;0.76;14.4;0
2017-07-27 09:45:00;0.76;14.5;0
2017-07-27 09:50:00;0.77;14.5;0
2017-07-27 09:55:00;0.77;14.6;0
2017-07-27 10:00:00;0.78;14.7;0
2017-07-27 10:05:00;0.78;14.7;0
2017-07-27 10:10:00;0.79;14.8;0
2017-07-27 10:15:00;0.79;14.8;0
2017-07-27 10:20:00;0.79;14.8;0
2017-07-27 10:25:00;0.79;14.9;0
2017-07-27 10:30:00;0.79;14.9;0
2017-07-27 10:35:00;0.8;15.0;0
2017-07-27 10:40:00;0.81;15.3;0
2017-07-27 10:45:00;0.8;15.7;0
2017-07-27 10:50:00;0.8;15.8;0
2017-07-27 10:55:00;0.81;15.8;0
2017-07-27 11:00:00;0.81;15.8;0
2017-07-27 11:05:00;0.82;16.0;0
2017-07-27 11:10:00;0.81;16.0;0
2017-07-27 11:15:00;0.82;16.3;0
2017-07-27 11:20:00;0.82;16.3;0
2017-07-27 11:25:00;0.83;16.7;0
2017-07-27 11:30:00;0.83;17.1;0
2017-07-27 11:35:00;0.83;17.5;0
2017-07-27 11:40:00;0.84;17.7;0
2017-07-27 11:45:00;0.84;18.0;0
2017-07-27 11:50:00;0.83;18.4;0
2017-07-27 11:55:00;0.83;18.8;0
2017-07-27 12:00:00;0.81;19.1;0
2017-07-27 12:05:00;0.81;19.2;0
2017-07-27 12:10:00;0.81;19.4;0
2017-07-27 12:15:00;0.79;19.3;0
2017-07-27 12:20:00;0.74;19.5;0
2017-07-27 12:25:00;0.75;19.7;0
2017-07-27 12:30:00;0.8;19.5;0
2017-07-27 12:35:00;0.81;19.1;0
2017-07-27 12:40:00;0.83;19.3;0
2017-07-27 12:45:00;0.84;19.5;0
2017-07-27 12:50:00;0.84;19.2;0
2017-07-27 12:55:00;0.85;19.4;0
2017-07-27 13:00:00;0.85;19.7;0
2017-07-27 13:05:00;0.83;19.9;0
2017-07-27 13:10:00;0.84;20.3;0
2017-07-27 13:15:00;0.83;20.2;0
2017-07-27 13:20:00;0.82;20.1;0
2017-07-27 13:25:00;0.84;19.9;0
2017-07-27 13:30:00;0.83;19.5;0
2017-07-27 13:35:00;0.84;19.3;0
2017-07-27 13:40:00;0.85;19.7;0
2017-07-27 13:45:00;0.84;20.1;0
2017-07-27 13:50:00;0.85;20.2;0
2017-07-27 13:55:00;0.85;19.8;0
2017-07-27 14:00:00;0.85;20.1;0
2017-07-27 14:05:00;0.85;20.5;0
2017-07-27 14:10:00;0.85;20.8;1
2017-07-27 14:15:00;0.85;20.8;1
2017-07-27 14:20:00;0.85;20.4;1
2017-07-27 14:25:00;0.85;19.9;1
2017-07-27 14:30:00;0.85;19.5;0
2017-07-27 14:35:00;0.85;19.7;0
2017-07-27 14:40:00;0.84;19.8;0
2017-07-27 14:45:00;0.84;20.2;0
2017-07-27 14:50:00;0.84;20.6;0
2017-07-27 14:55:00;0.84;20.1;0
2017-07-27 15:00:00;0.84;19.8;0
2017-07-27 15:05:00;0.83;19.9;0
2017-07-27 15:10:00;0.83;20.3;0
2017-07-27 15:15:00;0.83;19.8;0
2017-07-27 15:20:00;0.84;20.2;0
2017-07-27 15:25:00;0.84;20.4;0
2017-07-27 15:30:00;0.83;20.4;0
2017-07-27 15:35:00;0.83;20.1;0
2017-07-27 15:40:00;0.82;20.5;0
2017-07-27 15:45:00;0.81;20.9;0
2017-07-27 15:50:00;0.82;21.0;0
2017-07-27 15:55:00;0.82;20.5;0
2017-07-27 16:00:00;0.82;20.7;0
2017-07-27 16:05:00;0.82;20.4;0
2017-07-27 16:10:00;0.82;20.3;0
2017-07-27 16:15:00;0.81;20.3;0
2017-07-27 16:20:00;0.81;20.0;0
2017-07-27 16:25:00;0.81;19.7;0
2017-07-27 16:30:00;0.8;19.6;0
2017-07-27 16:35:00;0.8;19.8;0
2017-07-27 16:40:00;0.8;19.5;0
2017-07-27 16:45:00;0.79;19.7;0
2017-07-27 16:50:00;0.79;19.9;0
2017-07-27 16:55:00;0.78;19.9;0
2017-07-27 17:00:00;0.78;19.6;0
2017-07-27 17:05:00;0.77;20.0;0
2017-07-27 17:10:00;0.76;20.2;0
2017-07-27 17:15:00;0.76;20.0;0
2017-07-27 17:20:00;0.74;19.7;0
2017-07-27 17:25:00;0.75;19.3;0
2017-07-27 17:30:00;0.74;18.9;0
2017-07-27 17:35:00;0.74;19.1;0
2017-07-27 17:40:00;0.73;19.2;0
2017-07-27 17:45:00;0.73;18.8;0
2017-07-27 17:50:00;0.72;18.7;0
2017-07-27 17:55:00;0.72;18.9;0
2017-07-27 18:00:00;0.71;18.5;0
2017-07-27 18:05:00;0.7;18.8;0
2017-07-27 18:10:00;0.68;18.4;1
2017-07-27 18:15:00;0.68;18.8;1
2017-07-27 18:20:00;0.68;19.1;1
2017-07-27 18:25:00;0.67;19.2;1
2017-07-27 18:30:00;0.66;18.9;0
2017-07-27 18:35:00;0.65;18.6;1
2017-07-27 18:40:00;0.64;18.2;0
2017-07-27 18:45:00;0.63;18.6;0
2017-07-27 18:50:00;0.62;18.9;0
2017-07-27 18:55:00;0.6;18.5;0
2017-07-27 19:00:00;0.59;18.9;0
2017-07-27 19:05:00;0.57;18.5;0
2017-07-27 19:10:00;0.56;18.8;0
2017-07-27 19:15:00;0.54;19.0;0
2017-07-27 19:20:00;0.0;18.5;0
2017-07-27 19:25:00;0.0;18.3;0
2017-07-27 19:30:00;0.0;18.6;0
2017-07-27 19:35:00;0.0;18.4;0
2017-07-27 19:40:00;0.0;18.1;0
2017-07-27 19:45:00;0.0;18.5;0
2017-07-27 19:50:00;0.0;18.8;0
2017-07-27 19:55:00;0.0;18.4;0
2017-07-27 20:00:00;0.0;18.0;0
2017-07-27 20:05:00;0.0;17.7;0
2017-07-27 20:10:00;0.0;18.1;0
2017-07-27 20:15:00;0.0;17.7;0
2017-07-27 20:20:00;0.0;17.7;0
2017-07-27 20:25:00;0.0;17.5;0
2017-07-27 20:30:00;0.0;17.8;0
2017-07-27 20:35:00;0.0;18.0;0
2017-07-27 20:40:00;0.0;18.0;0
2017-07-27 20:45:00;0.0;18.3;0
2017-07-27 20:50:00;0.0;18.2;0
2017-07-27 20:55:00;0.0;18.3;0
2017-07-27 21:00:00;0.0;18.03;0
2017-07-27 21:05:00;0.0;17.77;0
2017-07-27 21:10:00;0.0;17.57;0
2017-07-27 21:15:00;0.0;17.5;0
2017-07-27 21:20:00;0.0;17.23;0
2017-07-27 21:25:00;0.0;17.03;0
2017-07-27 21:30:00;0.0;16.7;0
2017-07-27 21:35:00;0.0;16.63;0
2017-07-27 21:40:00;0.0;16.3;0
2017-07-27 21:45:00;0.0;16.1;0
2017-07-27 21:50:00;0.0;15.97;0
2017-07-27 21:55:00;0.0;15.77;0
2017-07-27 22:00:00;0.0;15.5;0
2017-07-27 22:05:00;0.0;15.37;0
2017-07-27 22:10:00;0.0;15.1;1
2017-07-27 22:15:00;0.0;14.77;1
2017-07-27 22:20:00;0.0;14.7;1
2017-07-27 22:25:00;0.0;14.37;1
2017-07-27 22:30:00;0.0;14.03;0
2017-07-27 22:35:00;0.0;13.7;0
2017-07-27 22:40:00;0.0;13.43;0
2017-07-27 22:45:00;0.0;13.23;0
2017-07-27 22:50:00;0.0;13.03;0
2017-07-27 22:55:00;0.0;12.9;0
2017-07-27 23:00:00;0.0;12.7;0
2017-07-27 23:05:00;0.0;12.37;0
2017-07-27 23:10:00;0.0;12.17;0
2017-07-27 23:15:00;0.0;12.03;0
2017-07-27 23:20:00;0.0;11.7;0
2017-07-27 23:25:00;0.0;11.43;0
2017-07-27 23:30:00;0.0;11.3;0
2017-07-27 23:35:00;0.0;11.03;0
2017-07-27 23:40:00;0.0;10.97;0
2017-07-27 23:45:00;0.0;10.77;0
2017-07-27 23:50:00;0.0;10.43;0
2017-07-27 23:55:00;0.0;10.17;0
